-- phpMyAdmin SQL Dump
-- version 4.7.4
-- https://www.phpmyadmin.net/
--
-- Servidor: 127.0.0.1
-- Tiempo de generación: 14-06-2019 a las 18:39:22
-- Versión del servidor: 10.1.30-MariaDB
-- Versión de PHP: 7.2.1

SET SQL_MODE = "NO_AUTO_VALUE_ON_ZERO";
SET AUTOCOMMIT = 0;
START TRANSACTION;
SET time_zone = "+00:00";


/*!40101 SET @OLD_CHARACTER_SET_CLIENT=@@CHARACTER_SET_CLIENT */;
/*!40101 SET @OLD_CHARACTER_SET_RESULTS=@@CHARACTER_SET_RESULTS */;
/*!40101 SET @OLD_COLLATION_CONNECTION=@@COLLATION_CONNECTION */;
/*!40101 SET NAMES utf8mb4 */;

--
-- Base de datos: `bulldear`
--

-- --------------------------------------------------------

--
-- Estructura de tabla para la tabla `categoria`
--

CREATE TABLE `categoria` (
  `categoria_id` int(11) NOT NULL,
  `categoria` varchar(50) NOT NULL
) ENGINE=InnoDB DEFAULT CHARSET=utf8;

--
-- Volcado de datos para la tabla `categoria`
--

INSERT INTO `categoria` (`categoria_id`, `categoria`) VALUES
(1, 'Nike'),
(2, 'Adidas'),
(3, 'Vans'),
(4, 'Reebok'),
(5, 'Puma'),
(6, 'Asics'),
(7, 'New Balance'),
(8, 'Converse'),
(9, 'Sketchers'),
(10, 'Clarks'),
(11, 'Nautilus');

-- --------------------------------------------------------

--
-- Estructura de tabla para la tabla `cesta`
--

CREATE TABLE `cesta` (
  `cesta_id` int(11) NOT NULL,
  `usuario` varchar(50) NOT NULL,
  `producto_id` int(11) NOT NULL
) ENGINE=InnoDB DEFAULT CHARSET=utf8;

--
-- Volcado de datos para la tabla `cesta`
--

INSERT INTO `cesta` (`cesta_id`, `usuario`, `producto_id`) VALUES
(7, 'franflores', 4),
(12, 'franflores', 18),
(13, 'paquipadilla', 13),
(14, 'paquipadilla', 2),
(15, 'paquipadilla', 2),
(16, 'franflores', 18),
(17, 'paquipadilla', 4),
(18, 'paquipadilla', 1),
(19, 'paquipadilla', 26),
(20, 'danicordero', 11),
(21, 'danicordero', 219);

-- --------------------------------------------------------

--
-- Estructura de tabla para la tabla `lista_deseos`
--

CREATE TABLE `lista_deseos` (
  `producto_id` int(11) NOT NULL,
  `usuario` varchar(50) NOT NULL
) ENGINE=InnoDB DEFAULT CHARSET=utf8;

--
-- Volcado de datos para la tabla `lista_deseos`
--

INSERT INTO `lista_deseos` (`producto_id`, `usuario`) VALUES
(1, 'danicordero'),
(1, 'franflores'),
(1, 'paquipadilla'),
(2, 'danicordero'),
(4, 'ali'),
(10, 'paquipadilla'),
(11, 'ali'),
(16, 'paquipadilla'),
(17, 'franflores'),
(18, 'franflores'),
(18, 'paquipadilla'),
(26, 'paquipadilla');

-- --------------------------------------------------------

--
-- Estructura de tabla para la tabla `producto`
--

CREATE TABLE `producto` (
  `producto_id` int(11) NOT NULL,
  `categoria_id` int(11) NOT NULL,
  `nombre` varchar(100) NOT NULL,
  `descripcion` varchar(300) NOT NULL,
  `precio` varchar(7) NOT NULL,
  `imagen` varchar(500) NOT NULL,
  `enlace_compra` varchar(500) DEFAULT NULL,
  `idApi` int(11) DEFAULT NULL
) ENGINE=InnoDB DEFAULT CHARSET=utf8;

--
-- Volcado de datos para la tabla `producto`
--

INSERT INTO `producto` (`producto_id`, `categoria_id`, `nombre`, `descripcion`, `precio`, `imagen`, `enlace_compra`, `idApi`) VALUES
(1, 1, 'Nike Air Max 95 Essential Mens Athletic Shoes', 'Creadas para hacer el día a día más cómodo a personas que buscan unas zapatillas muy resistentes con una sujeción excelente al pie. El diseño de estas zapatillas ofrece una buena sujeción y una excelente resistencia. Zapatillas casual muy resistentes gracias al exterior de polipiel irrompible.', '139.95', 'https://img.shop.com/Image/260000/269600/269608/products/1650170279.jpg', 'http://www.shop.com/nike-air-max-95-essential-mens-athletic-shoes-1650170279-p.xhtml?publisherID=TEST', 1619990725),
(2, 1, 'Nike Air Max Goadome Mens Boots Shoes', 'Creadas para hacer el día a día más cómodo a personas que buscan unas zapatillas muy resistentes con una sujeción excelente al pie. El diseño de estas zapatillas ofrece una buena sujeción y una excelente resistencia. Zapatillas casual muy resistentes gracias al exterior de polipiel irrompible.', '119.95', 'https://img.shop.com/Image/260000/269600/269608/products/1598394778.jpg', 'http://www.shop.com/nike-air-max-goadome-mens-boots-shoes-1598394778-p.xhtml?publisherID=TEST', 1568212286),
(3, 1, 'Nike LeBron 12 Mens Athletic Shoes', 'Creadas para hacer el día a día más cómodo a personas que buscan unas zapatillas muy resistentes con una sujeción excelente al pie. El diseño de estas zapatillas ofrece una buena sujeción y una excelente resistencia. Zapatillas casual muy resistentes gracias al exterior de polipiel irrompible.', '149.95', 'https://img.shop.com/Image/260000/269600/269608/products/1596065414.jpg', 'http://www.shop.com/nike-lebron-12-mens-athletic-shoes-1596065414-p.xhtml?publisherID=TEST', 1565882061),
(4, 1, 'Nike Air Huarache Run Ultra Black/Black Mens Running Shoes 819685-002', 'Creadas para hacer el día a día más cómodo a personas que buscan unas zapatillas muy resistentes con una sujeción excelente al pie. El diseño de estas zapatillas ofrece una buena sujeción y una excelente resistencia. Zapatillas casual muy resistentes gracias al exterior de polipiel irrompible.', '119.95', 'https://img.shop.com/Image/260000/269600/269608/products/1596065230.jpg', 'http://www.shop.com/nike-air-huarache-run-ultra-blackblack-mens-running-shoes-819685-002-1596065230-p.xhtml?publisherID=TEST', 1565881877),
(5, 1, 'Nike Air Max Goadome Boys Boots Shoes', 'Creadas para hacer el día a día más cómodo a personas que buscan unas zapatillas muy resistentes con una sujeción excelente al pie. El diseño de estas zapatillas ofrece una buena sujeción y una excelente resistencia. Zapatillas casual muy resistentes gracias al exterior de polipiel irrompible.', '119.95', 'https://img.shop.com/Image/260000/269600/269608/products/1596065266.jpg', 'http://www.shop.com/nike-air-max-goadome-boys-boots-shoes-1596065266-p.xhtml?publisherID=TEST', 1565881913),
(6, 1, 'Nike Presto Extreme Boys Athletic Shoes', 'Creadas para hacer el día a día más cómodo a personas que buscan unas zapatillas muy resistentes con una sujeción excelente al pie. El diseño de estas zapatillas ofrece una buena sujeción y una excelente resistencia. Zapatillas casual muy resistentes gracias al exterior de polipiel irrompible.', '69.95', 'https://img.shop.com/Image/260000/269600/269608/products/1637253628.jpg', 'http://www.shop.com/nike-presto-extreme-boys-athletic-shoes-1637253628-p.xhtml?publisherID=TEST', 1607073691),
(7, 1, 'Nike LunarGlide 6 Womens Athletic Shoes', 'Creadas para hacer el día a día más cómodo a personas que buscan unas zapatillas muy resistentes con una sujeción excelente al pie. El diseño de estas zapatillas ofrece una buena sujeción y una excelente resistencia. Zapatillas casual muy resistentes gracias al exterior de polipiel irrompible.', '87.00', 'https://img.shop.com/Image/260000/266700/266708/products/1705865130.jpg', 'http://www.shop.com/nike-lunarglide-6-womens-athletic-shoes-1705865130-p.xhtml?publisherID=TEST', 1675660576),
(8, 1, 'Nike Air Jordan 12 Retro GG BlueCap/Purple Big Girls Basketball Shoes 510815-418', 'Creadas para hacer el día a día más cómodo a personas que buscan unas zapatillas muy resistentes con una sujeción excelente al pie. El diseño de estas zapatillas ofrece una buena sujeción y una excelente resistencia. Zapatillas casual muy resistentes gracias al exterior de polipiel irrompible.', '109.95', 'https://img.shop.com/Image/260000/269600/269608/products/1596065300.jpg', 'http://www.shop.com/nike-air-jordan-12-retro-gg-bluecappurple-big-girls-basketball-shoes-510815-418-1596065300-p.xhtml?publisherID=TEST', 1565881947),
(9, 1, 'Nike Aqua Sock 360 Vast Grey/Gunsmoke Mens Water Shoes 885105-004', 'Creadas para hacer el día a día más cómodo a personas que buscan unas zapatillas muy resistentes con una sujeción excelente al pie. El diseño de estas zapatillas ofrece una buena sujeción y una excelente resistencia. Zapatillas casual muy resistentes gracias al exterior de polipiel irrompible.', '49.95', 'https://img.shop.com/Image/260000/269600/269608/products/1655367496.jpg', 'http://www.shop.com/nike-aqua-sock-360-vast-greygunsmoke-mens-water-shoes-885105-004-1655367496-p.xhtml?publisherID=TEST', 1625187942),
(10, 1, 'Nike Air Jordan 3 Retro Mens Athletic Shoes', 'Creadas para hacer el día a día más cómodo a personas que buscan unas zapatillas muy resistentes con una sujeción excelente al pie. El diseño de estas zapatillas ofrece una buena sujeción y una excelente resistencia. Zapatillas casual muy resistentes gracias al exterior de polipiel irrompible.', '179.95', 'https://img.shop.com/Image/260000/269600/269608/products/1739644629.jpg', 'http://www.shop.com/nike-air-jordan-3-retro-mens-athletic-shoes-1739644629-p.xhtml?publisherID=TEST', 1709440075),
(11, 1, 'Nike Air Vapormax 95 Black/Neo Turq-Medium Ash Mens Running Shoes AJ7292-002', 'Creadas para hacer el día a día más cómodo a personas que buscan unas zapatillas muy resistentes con una sujeción excelente al pie. El diseño de estas zapatillas ofrece una buena sujeción y una excelente resistencia. Zapatillas casual muy resistentes gracias al exterior de polipiel irrompible.', '159.95', 'https://img.shop.com/Image/260000/269600/269608/products/1746987362.jpg', 'http://www.shop.com/nike-air-vapormax-95-blackneo-turq-medium-ash-mens-running-shoes-aj7292-002-1746987362-p.xhtml?publisherID=TEST', 1716782808),
(12, 1, 'Nike Air Jordan 4 Retro SE Black/White-Gum Mens Basketball Shoes CI1184-001', 'Creadas para hacer el día a día más cómodo a personas que buscan unas zapatillas muy resistentes con una sujeción excelente al pie. El diseño de estas zapatillas ofrece una buena sujeción y una excelente resistencia. Zapatillas casual muy resistentes gracias al exterior de polipiel irrompible.', '199.95', 'https://img.shop.com/Image/260000/269600/269608/products/1760464287.jpg', 'http://www.shop.com/nike-air-jordan-4-retro-se-blackwhite-gum-mens-basketball-shoes-ci1184-001-1760464287-p.xhtml?publisherID=TEST', 1730259733),
(13, 1, 'Nike Air Luanr Force 1 Duckboot 17 Grey/Anthracite Mens Shoes 916682-003', 'Creadas para hacer el día a día más cómodo a personas que buscan unas zapatillas muy resistentes con una sujeción excelente al pie. El diseño de estas zapatillas ofrece una buena sujeción y una excelente resistencia. Zapatillas casual muy resistentes gracias al exterior de polipiel irrompible.', '119.95', 'https://img.shop.com/Image/260000/269600/269608/products/1736477481.jpg', 'http://www.shop.com/nike-air-luanr-force-1-duckboot-17-greyanthracite-mens-shoes-916682-003-1736477481-p.xhtml?publisherID=TEST', 1706272927),
(14, 1, 'Nike Air Force 1 07 WB Flax/Flax-Gum Wheat Mens Basketball Shoes AA4061-200', 'Creadas para hacer el día a día más cómodo a personas que buscan unas zapatillas muy resistentes con una sujeción excelente al pie. El diseño de estas zapatillas ofrece una buena sujeción y una excelente resistencia. Zapatillas casual muy resistentes gracias al exterior de polipiel irrompible.', '129.95', 'https://img.shop.com/Image/260000/269600/269608/products/1603813143.jpg', 'http://www.shop.com/nike-air-force-1-07-wb-flaxflax-gum-wheat-mens-basketball-shoes-aa4061-200-1603813143-p.xhtml?publisherID=TEST', 1573630913),
(15, 1, 'Nike Air Max Deluxe Cool Grey/Total Orange Mens Running Shoes AJ7831-002', 'Creadas para hacer el día a día más cómodo a personas que buscan unas zapatillas muy resistentes con una sujeción excelente al pie. El diseño de estas zapatillas ofrece una buena sujeción y una excelente resistencia. Zapatillas casual muy resistentes gracias al exterior de polipiel irrompible.', '139.95', 'https://img.shop.com/Image/260000/269600/269608/products/1748908175.jpg', 'http://www.shop.com/nike-air-max-deluxe-cool-greytotal-orange-mens-running-shoes-aj7831-002-1748908175-p.xhtml?publisherID=TEST', 1718703621),
(16, 1, 'Nike Air Raid Mens Athletic Shoes', 'Creadas para hacer el día a día más cómodo a personas que buscan unas zapatillas muy resistentes con una sujeción excelente al pie. El diseño de estas zapatillas ofrece una buena sujeción y una excelente resistencia. Zapatillas casual muy resistentes gracias al exterior de polipiel irrompible.', '199.95', 'https://img.shop.com/Image/260000/269600/269608/products/1746987359.jpg', 'http://www.shop.com/nike-air-raid-mens-athletic-shoes-1746987359-p.xhtml?publisherID=TEST', 1716782805),
(17, 1, 'Nike Air Max Deluxe Black/Volt-Red-White Mens Running Shoes AJ7831-003', 'Creadas para hacer el día a día más cómodo a personas que buscan unas zapatillas muy resistentes con una sujeción excelente al pie. El diseño de estas zapatillas ofrece una buena sujeción y una excelente resistencia. Zapatillas casual muy resistentes gracias al exterior de polipiel irrompible.', '139.95', 'https://img.shop.com/Image/260000/269600/269608/products/1748908176.jpg', 'http://www.shop.com/nike-air-max-deluxe-blackvolt-red-white-mens-running-shoes-aj7831-003-1748908176-p.xhtml?publisherID=TEST', 1718703622),
(18, 1, 'Nike Air Max 95 Black/White-Black OverBranded Mens Running Shoes 538416-020', 'Creadas para hacer el día a día más cómodo a personas que buscan unas zapatillas muy resistentes con una sujeción excelente al pie. El diseño de estas zapatillas ofrece una buena sujeción y una excelente resistencia. Zapatillas casual muy resistentes gracias al exterior de polipiel irrompible.', '149.95', 'https://img.shop.com/Image/260000/269600/269608/products/1747394995.jpg', 'http://www.shop.com/nike-air-max-95-blackwhite-black-overbranded-mens-running-shoes-538416-020-1747394995-p.xhtml?publisherID=TEST', 1717190441),
(19, 1, 'Nike Air Jordan 6 Retro Mens Athletic Shoes', 'Creadas para hacer el día a día más cómodo a personas que buscan unas zapatillas muy resistentes con una sujeción excelente al pie. El diseño de estas zapatillas ofrece una buena sujeción y una excelente resistencia. Zapatillas casual muy resistentes gracias al exterior de polipiel irrompible.', '199.95', 'https://img.shop.com/Image/260000/269600/269608/products/1754106958.jpg', 'http://www.shop.com/nike-air-jordan-6-retro-mens-athletic-shoes-1754106958-p.xhtml?publisherID=TEST', 1723902404),
(20, 1, 'Nike Air Max 95 Triple Black/Black-Anthracite Mens Running Shoes 609048-092', 'Creadas para hacer el día a día más cómodo a personas que buscan unas zapatillas muy resistentes con una sujeción excelente al pie. El diseño de estas zapatillas ofrece una buena sujeción y una excelente resistencia. Zapatillas casual muy resistentes gracias al exterior de polipiel irrompible.', '169.95', 'https://img.shop.com/Image/260000/269600/269608/products/1626744169.jpg', 'http://www.shop.com/nike-air-max-95-triple-blackblack-anthracite-mens-running-shoes-609048-092-1626744169-p.xhtml?publisherID=TEST', 1596563217),
(21, 2, 'Adidas NMD_R1 PK Primeknit Tactile Green Womens Running Shoes CG3601', 'Creadas para hacer el día a día más cómodo a personas que buscan unas zapatillas muy resistentes con una sujeción excelente al pie. El diseño de estas zapatillas ofrece una buena sujeción y una excelente resistencia. Zapatillas casual muy resistentes gracias al exterior de polipiel irrompible.', '99.95', 'https://img.shop.com/Image/260000/269600/269608/products/1623609575.jpg', 'http://www.shop.com/adidas-nmd_r1-pk-primeknit-tactile-green-womens-running-shoes-cg3601-1623609575-p.xhtml?publisherID=TEST', 1593428018),
(22, 2, 'adidas Harden Vol. 1 Boys Athletic Shoes', 'Creadas para hacer el día a día más cómodo a personas que buscan unas zapatillas muy resistentes con una sujeción excelente al pie. El diseño de estas zapatillas ofrece una buena sujeción y una excelente resistencia. Zapatillas casual muy resistentes gracias al exterior de polipiel irrompible.', '59.95', 'https://img.shop.com/Image/260000/269600/269608/products/1707038184.jpg', 'http://www.shop.com/adidas-harden-vol-1-boys-athletic-shoes-1707038184-p.xhtml?publisherID=TEST', 1676833630),
(23, 2, 'adidas Womens Powerlift.3.1 W Cross Trainer', 'Creadas para hacer el día a día más cómodo a personas que buscan unas zapatillas muy resistentes con una sujeción excelente al pie. El diseño de estas zapatillas ofrece una buena sujeción y una excelente resistencia. Zapatillas casual muy resistentes gracias al exterior de polipiel irrompible.', '72.00', 'https://img.shop.com/Image/260000/263300/263362/products/1704220821.jpg', 'http://www.shop.com/adidas-womens-powerlift31-w-cross-trainer-1704220821-p.xhtml?publisherID=TEST', 1674016267),
(24, 2, 'Adidas UltraBOOST Core Black/Core Black/Cloud White Mens Running Shoes BB6166', 'Creadas para hacer el día a día más cómodo a personas que buscan unas zapatillas muy resistentes con una sujeción excelente al pie. El diseño de estas zapatillas ofrece una buena sujeción y una excelente resistencia. Zapatillas casual muy resistentes gracias al exterior de polipiel irrompible.', '159.95', 'https://img.shop.com/Image/260000/269600/269608/products/1724390394.jpg', 'http://www.shop.com/adidas-ultraboost-core-blackcore-blackcloud-white-mens-running-shoes-bb6166-1724390394-p.xhtml?publisherID=TEST', 1694185840),
(25, 2, 'Adidas NMD_R1 PK Primeknit Tri Color Grey/White Mens Running Shoes BB2888', 'Creadas para hacer el día a día más cómodo a personas que buscan unas zapatillas muy resistentes con una sujeción excelente al pie. El diseño de estas zapatillas ofrece una buena sujeción y una excelente resistencia. Zapatillas casual muy resistentes gracias al exterior de polipiel irrompible.', '169.95', 'https://img.shop.com/Image/260000/269600/269608/products/1596470717.jpg', 'http://www.shop.com/adidas-nmd_r1-pk-primeknit-tri-color-greywhite-mens-running-shoes-bb2888-1596470717-p.xhtml?publisherID=TEST', 1566287679),
(26, 2, 'Adidas Nmd R1 \"Triple White 2017\" Running Mens Shoes Size', 'Creadas para hacer el día a día más cómodo a personas que buscan unas zapatillas muy resistentes con una sujeción excelente al pie. El diseño de estas zapatillas ofrece una buena sujeción y una excelente resistencia. Zapatillas casual muy resistentes gracias al exterior de polipiel irrompible.', '143.90', 'https://img.shop.com/Image/260000/266700/266708/products/1756799159.jpg', 'http://www.shop.com/adidas-nmd-r1-triple-white-2017-running-mens-shoes-size-1756799159-p.xhtml?publisherID=TEST', 1726594605),
(27, 2, 'adidas Nitrocharge 1.0 FG Mens Athletic Shoes', 'Creadas para hacer el día a día más cómodo a personas que buscan unas zapatillas muy resistentes con una sujeción excelente al pie. El diseño de estas zapatillas ofrece una buena sujeción y una excelente resistencia. Zapatillas casual muy resistentes gracias al exterior de polipiel irrompible.', '137.80', 'https://img.shop.com/Image/260000/266700/266708/products/1705872182.jpg', 'http://www.shop.com/adidas-nitrocharge-10-fg-mens-athletic-shoes-1705872182-p.xhtml?publisherID=TEST', 1675667628),
(28, 2, 'Adidas Ultraboost Uncaged Running Mens Shoes Size', 'Creadas para hacer el día a día más cómodo a personas que buscan unas zapatillas muy resistentes con una sujeción excelente al pie. El diseño de estas zapatillas ofrece una buena sujeción y una excelente resistencia. Zapatillas casual muy resistentes gracias al exterior de polipiel irrompible.', '125.61', 'https://img.shop.com/Image/260000/266700/266708/products/1756799099.jpg', 'http://www.shop.com/adidas-ultraboost-uncaged-running-mens-shoes-size-1756799099-p.xhtml?publisherID=TEST', 1726594545),
(29, 2, 'Adidas Ultra Boost Uncaged Tech Earth Running Mens Shoes Size', 'Creadas para hacer el día a día más cómodo a personas que buscan unas zapatillas muy resistentes con una sujeción excelente al pie. El diseño de estas zapatillas ofrece una buena sujeción y una excelente resistencia. Zapatillas casual muy resistentes gracias al exterior de polipiel irrompible.', '137.80', 'https://img.shop.com/Image/260000/266700/266708/products/1756799155.jpg', 'http://www.shop.com/adidas-ultra-boost-uncaged-tech-earth-running-mens-shoes-size-1756799155-p.xhtml?publisherID=TEST', 1726594601),
(30, 2, 'Adidas Nmd Xr1 Primeknit Athletic Mens Shoes Size', 'Creadas para hacer el día a día más cómodo a personas que buscan unas zapatillas muy resistentes con una sujeción excelente al pie. El diseño de estas zapatillas ofrece una buena sujeción y una excelente resistencia. Zapatillas casual muy resistentes gracias al exterior de polipiel irrompible.', '137.80', 'https://img.shop.com/Image/260000/266700/266708/products/1756799961.jpg', 'http://www.shop.com/adidas-nmd-xr1-primeknit-athletic-mens-shoes-size-1756799961-p.xhtml?publisherID=TEST', 1726595407),
(31, 2, 'Adidas Consortium Day One Men Crazy Explosive Basketball Mens Shoes Size', 'Creadas para hacer el día a día más cómodo a personas que buscan unas zapatillas muy resistentes con una sujeción excelente al pie. El diseño de estas zapatillas ofrece una buena sujeción y una excelente resistencia. Zapatillas casual muy resistentes gracias al exterior de polipiel irrompible.', '137.80', 'https://img.shop.com/Image/260000/266700/266708/products/1756799484.jpg', 'http://www.shop.com/adidas-consortium-day-one-men-crazy-explosive-basketball-mens-shoes-size-1756799484-p.xhtml?publisherID=TEST', 1726594930),
(32, 2, 'Adidas Nmd R1 Pk Running Mens Shoes Size', 'Creadas para hacer el día a día más cómodo a personas que buscan unas zapatillas muy resistentes con una sujeción excelente al pie. El diseño de estas zapatillas ofrece una buena sujeción y una excelente resistencia. Zapatillas casual muy resistentes gracias al exterior de polipiel irrompible.', '170.00', 'https://img.shop.com/Image/260000/266700/266708/products/1756799485.jpg', 'http://www.shop.com/adidas-nmd-r1-pk-running-mens-shoes-size-1756799485-p.xhtml?publisherID=TEST', 1726594931),
(33, 2, 'Adidas Ultra Boost Uncaged Running Mens Shoes Size', 'Creadas para hacer el día a día más cómodo a personas que buscan unas zapatillas muy resistentes con una sujeción excelente al pie. El diseño de estas zapatillas ofrece una buena sujeción y una excelente resistencia. Zapatillas casual muy resistentes gracias al exterior de polipiel irrompible.', '137.80', 'https://img.shop.com/Image/260000/266700/266708/products/1756799954.jpg', 'http://www.shop.com/adidas-ultra-boost-uncaged-running-mens-shoes-size-1756799954-p.xhtml?publisherID=TEST', 1726595400),
(34, 2, 'Adidas Nmd Xr1 Primeknit Athletic Mens Shoes Size', 'Creadas para hacer el día a día más cómodo a personas que buscan unas zapatillas muy resistentes con una sujeción excelente al pie. El diseño de estas zapatillas ofrece una buena sujeción y una excelente resistencia. Zapatillas casual muy resistentes gracias al exterior de polipiel irrompible.', '143.90', 'https://img.shop.com/Image/260000/266700/266708/products/1756800114.jpg', 'http://www.shop.com/adidas-nmd-xr1-primeknit-athletic-mens-shoes-size-1756800114-p.xhtml?publisherID=TEST', 1726595560),
(35, 2, 'Adidas Ultra Boost Uncaged Running Womens Shoes Size', 'Creadas para hacer el día a día más cómodo a personas que buscan unas zapatillas muy resistentes con una sujeción excelente al pie. El diseño de estas zapatillas ofrece una buena sujeción y una excelente resistencia. Zapatillas casual muy resistentes gracias al exterior de polipiel irrompible.', '129.02', 'https://img.shop.com/Image/260000/266700/266708/products/1727125061.jpg', 'http://www.shop.com/adidas-ultra-boost-uncaged-running-womens-shoes-size-1727125061-p.xhtml?publisherID=TEST', 1696920507),
(36, 2, 'Adidas Spring Blade Running Womens Shoes', 'Creadas para hacer el día a día más cómodo a personas que buscan unas zapatillas muy resistentes con una sujeción excelente al pie. El diseño de estas zapatillas ofrece una buena sujeción y una excelente resistencia. Zapatillas casual muy resistentes gracias al exterior de polipiel irrompible.', '116.83', 'https://img.shop.com/Image/260000/266700/266708/products/1756799984.jpg', 'http://www.shop.com/adidas-spring-blade-running-womens-shoes-1756799984-p.xhtml?publisherID=TEST', 1726595430),
(37, 2, 'Adidas Spring Blade Running Womens Shoes', 'Creadas para hacer el día a día más cómodo a personas que buscan unas zapatillas muy resistentes con una sujeción excelente al pie. El diseño de estas zapatillas ofrece una buena sujeción y una excelente resistencia. Zapatillas casual muy resistentes gracias al exterior de polipiel irrompible.', '113.50', 'https://img.shop.com/Image/260000/266700/266708/products/1705864493.jpg', 'http://www.shop.com/adidas-spring-blade-running-womens-shoes-1705864493-p.xhtml?publisherID=TEST', 1675659939),
(38, 2, 'Adidas Vibe Energy Boost Training Womens Shoes', 'Creadas para hacer el día a día más cómodo a personas que buscan unas zapatillas muy resistentes con una sujeción excelente al pie. El diseño de estas zapatillas ofrece una buena sujeción y una excelente resistencia. Zapatillas casual muy resistentes gracias al exterior de polipiel irrompible.', '119.99', 'https://img.shop.com/Image/260000/266700/266708/products/1705866659.jpg', 'http://www.shop.com/adidas-vibe-energy-boost-training-womens-shoes-1705866659-p.xhtml?publisherID=TEST', 1675662105),
(39, 2, 'Adidas Womens PUREBOOST X TRAINER 3.0 Low Top Lace Up Running Sneaker', 'Creadas para hacer el día a día más cómodo a personas que buscan unas zapatillas muy resistentes con una sujeción excelente al pie. El diseño de estas zapatillas ofrece una buena sujeción y una excelente resistencia. Zapatillas casual muy resistentes gracias al exterior de polipiel irrompible.', '135.00', 'https://img.shop.com/Image/260000/263300/263362/products/1712252965.jpg', 'http://www.shop.com/adidas-womens-pureboost-x-trainer-30-low-top-lace-up-running-sneaker-1712252965-p.xhtml?publisherID=TEST', 1682048411),
(40, 2, 'Adidas Womens ENERGY BOOST Fabric Low Top Lace Up Running Sneaker', 'Creadas para hacer el día a día más cómodo a personas que buscan unas zapatillas muy resistentes con una sujeción excelente al pie. El diseño de estas zapatillas ofrece una buena sujeción y una excelente resistencia. Zapatillas casual muy resistentes gracias al exterior de polipiel irrompible.', '120.00', 'https://img.shop.com/Image/260000/263300/263362/products/1668863580.jpg', 'http://www.shop.com/adidas-womens-energy-boost-fabric-low-top-lace-up-running-sneaker-1668863580-p.xhtml?publisherID=TEST', 1638684026),
(41, 3, 'Vans SK8-HI-VN0A38GEU641-Violet-7 Unisex Sneakers, Violet - Size 7', 'Creadas para hacer el día a día más cómodo a personas que buscan unas zapatillas muy resistentes con una sujeción excelente al pie. El diseño de estas zapatillas ofrece una buena sujeción y una excelente resistencia. Zapatillas casual muy resistentes gracias al exterior de polipiel irrompible.', '141.27', 'https://img.shop.com/Image/250000/251800/251872/products/1773544775.jpg', 'http://www.shop.com/vans-sk8-hi-vn0a38geu641-violet-7-unisex-sneakers-violet-size-7-1773544775-p.xhtml?publisherID=TEST', 1743340220),
(42, 3, 'Vans SK8-HI-VN0A38GEU5Z1-Brown-4.5 Unisex Sneakers, Brown - Size 4.5', 'Creadas para hacer el día a día más cómodo a personas que buscan unas zapatillas muy resistentes con una sujeción excelente al pie. El diseño de estas zapatillas ofrece una buena sujeción y una excelente resistencia. Zapatillas casual muy resistentes gracias al exterior de polipiel irrompible.', '141.27', 'https://img.shop.com/Image/250000/251800/251872/products/1773542015.jpg', 'http://www.shop.com/vans-sk8-hi-vn0a38geu5z1-brown-45-unisex-sneakers-brown-size-45-1773542015-p.xhtml?publisherID=TEST', 1743337460),
(43, 3, 'Vans OLD-SKOOL-VN0A38G1UKZ1-Orange-9 Old-Skool Unisex Sneakers, Orange - Size 9', 'Creadas para hacer el día a día más cómodo a personas que buscan unas zapatillas muy resistentes con una sujeción excelente al pie. El diseño de estas zapatillas ofrece una buena sujeción y una excelente resistencia. Zapatillas casual muy resistentes gracias al exterior de polipiel irrompible.', '130.97', 'https://img.shop.com/Image/250000/251800/251872/products/1773541892.jpg', 'http://www.shop.com/vans-old-skool-vn0a38g1ukz1-orange-9-old-skool-unisex-sneakers-orange-size-9-1773541892-p.xhtml?publisherID=TEST', 1743337337),
(44, 3, 'Vans OLDSKOOL-VN00D3HY28-Black-42.5 Unisex Sneakers, Black - Size 42.5', 'Creadas para hacer el día a día más cómodo a personas que buscan unas zapatillas muy resistentes con una sujeción excelente al pie. El diseño de estas zapatillas ofrece una buena sujeción y una excelente resistencia. Zapatillas casual muy resistentes gracias al exterior de polipiel irrompible.', '161.38', 'https://img.shop.com/Image/250000/251800/251872/products/1773538600.jpg', 'http://www.shop.com/vans-oldskool-vn00d3hy28-black-425-unisex-sneakers-black-size-425-1773538600-p.xhtml?publisherID=TEST', 1743334045),
(45, 3, 'Vans SK8-HI-VN0A38GEUPV1-Black-9.5 Unisex Sneakers, Black - Size 9.5', 'Creadas para hacer el día a día más cómodo a personas que buscan unas zapatillas muy resistentes con una sujeción excelente al pie. El diseño de estas zapatillas ofrece una buena sujeción y una excelente resistencia. Zapatillas casual muy resistentes gracias al exterior de polipiel irrompible.', '152.31', 'https://img.shop.com/Image/250000/251800/251872/products/1773544975.jpg', 'http://www.shop.com/vans-sk8-hi-vn0a38geupv1-black-95-unisex-sneakers-black-size-95-1773544975-p.xhtml?publisherID=TEST', 1743340420),
(46, 3, 'Vans OLD-SKOOL-VN0A38G1UKZ1-Orange-9.5 Old-Skool Unisex Sneakers, Orange - Size 9.5', 'Creadas para hacer el día a día más cómodo a personas que buscan unas zapatillas muy resistentes con una sujeción excelente al pie. El diseño de estas zapatillas ofrece una buena sujeción y una excelente resistencia. Zapatillas casual muy resistentes gracias al exterior de polipiel irrompible.', '130.97', 'https://img.shop.com/Image/250000/251800/251872/products/1773541893.jpg', 'http://www.shop.com/vans-old-skool-vn0a38g1ukz1-orange-95-old-skool-unisex-sneakers-orange-size-95-1773541893-p.xhtml?publisherID=TEST', 1743337338),
(47, 3, 'Vans SK8-HI-VN0A38GERX71-White-8 Unisex Sneakers, White - Size 8', 'Creadas para hacer el día a día más cómodo a personas que buscan unas zapatillas muy resistentes con una sujeción excelente al pie. El diseño de estas zapatillas ofrece una buena sujeción y una excelente resistencia. Zapatillas casual muy resistentes gracias al exterior de polipiel irrompible.', '141.27', 'https://img.shop.com/Image/250000/251800/251872/products/1773538790.jpg', 'http://www.shop.com/vans-sk8-hi-vn0a38gerx71-white-8-unisex-sneakers-white-size-8-1773538790-p.xhtml?publisherID=TEST', 1743334235),
(48, 3, 'Vans OLD-SKOOL-VN0A38G1UKU1-Yellow-11.5 Old-Skool Unisex Sneakers, Yellow - Size 11.5', 'Creadas para hacer el día a día más cómodo a personas que buscan unas zapatillas muy resistentes con una sujeción excelente al pie. El diseño de estas zapatillas ofrece una buena sujeción y una excelente resistencia. Zapatillas casual muy resistentes gracias al exterior de polipiel irrompible.', '130.97', 'https://img.shop.com/Image/250000/251800/251872/products/1773542040.jpg', 'http://www.shop.com/vans-old-skool-vn0a38g1uku1-yellow-115-old-skool-unisex-sneakers-yellow-size-115-1773542040-p.xhtml?publisherID=TEST', 1743337485),
(49, 3, 'Vans SK8-HI-VN0A38GEU641-Violet-6 Unisex Sneakers, Violet - Size 6', 'Creadas para hacer el día a día más cómodo a personas que buscan unas zapatillas muy resistentes con una sujeción excelente al pie. El diseño de estas zapatillas ofrece una buena sujeción y una excelente resistencia. Zapatillas casual muy resistentes gracias al exterior de polipiel irrompible.', '141.27', 'https://img.shop.com/Image/250000/251800/251872/products/1773541801.jpg', 'http://www.shop.com/vans-sk8-hi-vn0a38geu641-violet-6-unisex-sneakers-violet-size-6-1773541801-p.xhtml?publisherID=TEST', 1743337246),
(50, 3, 'Vans SK8-HI-VN0A38GEUPV1-Black-10 Unisex Sneakers, Black - Size 10', 'Creadas para hacer el día a día más cómodo a personas que buscan unas zapatillas muy resistentes con una sujeción excelente al pie. El diseño de estas zapatillas ofrece una buena sujeción y una excelente resistencia. Zapatillas casual muy resistentes gracias al exterior de polipiel irrompible.', '152.31', 'https://img.shop.com/Image/250000/251800/251872/products/1773544976.jpg', 'http://www.shop.com/vans-sk8-hi-vn0a38geupv1-black-10-unisex-sneakers-black-size-10-1773544976-p.xhtml?publisherID=TEST', 1743340421),
(51, 3, 'Vans SK8-HI-VN0A38GEU641-Violet-5.5 Unisex Sneakers, Violet - Size 5.5', 'Creadas para hacer el día a día más cómodo a personas que buscan unas zapatillas muy resistentes con una sujeción excelente al pie. El diseño de estas zapatillas ofrece una buena sujeción y una excelente resistencia. Zapatillas casual muy resistentes gracias al exterior de polipiel irrompible.', '141.27', 'https://img.shop.com/Image/250000/251800/251872/products/1773541600.jpg', 'http://www.shop.com/vans-sk8-hi-vn0a38geu641-violet-55-unisex-sneakers-violet-size-55-1773541600-p.xhtml?publisherID=TEST', 1743337045),
(52, 3, 'Vans SK8-HI-VN0A38GEUPV1-Black-10.5 Unisex Sneakers, Black - Size 10.5', 'Creadas para hacer el día a día más cómodo a personas que buscan unas zapatillas muy resistentes con una sujeción excelente al pie. El diseño de estas zapatillas ofrece una buena sujeción y una excelente resistencia. Zapatillas casual muy resistentes gracias al exterior de polipiel irrompible.', '152.31', 'https://img.shop.com/Image/250000/251800/251872/products/1773541644.jpg', 'http://www.shop.com/vans-sk8-hi-vn0a38geupv1-black-105-unisex-sneakers-black-size-105-1773541644-p.xhtml?publisherID=TEST', 1743337089),
(53, 3, 'Vans SK8-HI-VN0A38GEU5Z1-Brown-10.5 Unisex Sneakers, Brown - Size 10.5', 'Creadas para hacer el día a día más cómodo a personas que buscan unas zapatillas muy resistentes con una sujeción excelente al pie. El diseño de estas zapatillas ofrece una buena sujeción y una excelente resistencia. Zapatillas casual muy resistentes gracias al exterior de polipiel irrompible.', '141.27', 'https://img.shop.com/Image/250000/251800/251872/products/1773541803.jpg', 'http://www.shop.com/vans-sk8-hi-vn0a38geu5z1-brown-105-unisex-sneakers-brown-size-105-1773541803-p.xhtml?publisherID=TEST', 1743337248),
(54, 3, 'Vans OLD-SKOOL-VN0A38G1UKZ1-Orange-8 Old-Skool Unisex Sneakers, Orange - Size 8', 'Creadas para hacer el día a día más cómodo a personas que buscan unas zapatillas muy resistentes con una sujeción excelente al pie. El diseño de estas zapatillas ofrece una buena sujeción y una excelente resistencia. Zapatillas casual muy resistentes gracias al exterior de polipiel irrompible.', '130.97', 'https://img.shop.com/Image/250000/251800/251872/products/1773544805.jpg', 'http://www.shop.com/vans-old-skool-vn0a38g1ukz1-orange-8-old-skool-unisex-sneakers-orange-size-8-1773544805-p.xhtml?publisherID=TEST', 1743340250),
(55, 3, 'Vans OLDSKOOL-VN00D3HY28-Black-42 Unisex Sneakers, Black - Size 42', 'Creadas para hacer el día a día más cómodo a personas que buscan unas zapatillas muy resistentes con una sujeción excelente al pie. El diseño de estas zapatillas ofrece una buena sujeción y una excelente resistencia. Zapatillas casual muy resistentes gracias al exterior de polipiel irrompible.', '167.92', 'https://img.shop.com/Image/250000/251800/251872/products/1773538599.jpg', 'http://www.shop.com/vans-oldskool-vn00d3hy28-black-42-unisex-sneakers-black-size-42-1773538599-p.xhtml?publisherID=TEST', 1743334044),
(56, 3, 'Vans OLD-SKOOL-VN0A38G1UKZ1-Orange-10.5 Old-Skool Unisex Sneakers, Orange - Size 10.5', 'Creadas para hacer el día a día más cómodo a personas que buscan unas zapatillas muy resistentes con una sujeción excelente al pie. El diseño de estas zapatillas ofrece una buena sujeción y una excelente resistencia. Zapatillas casual muy resistentes gracias al exterior de polipiel irrompible.', '130.97', 'https://img.shop.com/Image/250000/251800/251872/products/1773539239.jpg', 'http://www.shop.com/vans-old-skool-vn0a38g1ukz1-orange-105-old-skool-unisex-sneakers-orange-size-105-1773539239-p.xhtml?publisherID=TEST', 1743334684),
(57, 3, 'Vans SK8-HI-VN0A38GEUPV1-Black-9 Unisex Sneakers, Black - Size 9', 'Creadas para hacer el día a día más cómodo a personas que buscan unas zapatillas muy resistentes con una sujeción excelente al pie. El diseño de estas zapatillas ofrece una buena sujeción y una excelente resistencia. Zapatillas casual muy resistentes gracias al exterior de polipiel irrompible.', '152.31', 'https://img.shop.com/Image/250000/251800/251872/products/1773541646.jpg', 'http://www.shop.com/vans-sk8-hi-vn0a38geupv1-black-9-unisex-sneakers-black-size-9-1773541646-p.xhtml?publisherID=TEST', 1743337091),
(58, 3, 'Vans SK8-HI-VN0A38GEU641-Violet-9 Unisex Sneakers, Violet - Size 9', 'Creadas para hacer el día a día más cómodo a personas que buscan unas zapatillas muy resistentes con una sujeción excelente al pie. El diseño de estas zapatillas ofrece una buena sujeción y una excelente resistencia. Zapatillas casual muy resistentes gracias al exterior de polipiel irrompible.', '141.27', 'https://img.shop.com/Image/250000/251800/251872/products/1773541605.jpg', 'http://www.shop.com/vans-sk8-hi-vn0a38geu641-violet-9-unisex-sneakers-violet-size-9-1773541605-p.xhtml?publisherID=TEST', 1743337050),
(59, 3, 'Vans OLD-SKOOL-VN0A38G1UKZ1-Orange-5.5 Old-Skool Unisex Sneakers, Orange - Size 5.5', 'Creadas para hacer el día a día más cómodo a personas que buscan unas zapatillas muy resistentes con una sujeción excelente al pie. El diseño de estas zapatillas ofrece una buena sujeción y una excelente resistencia. Zapatillas casual muy resistentes gracias al exterior de polipiel irrompible.', '130.97', 'https://img.shop.com/Image/250000/251800/251872/products/1773544808.jpg', 'http://www.shop.com/vans-old-skool-vn0a38g1ukz1-orange-55-old-skool-unisex-sneakers-orange-size-55-1773544808-p.xhtml?publisherID=TEST', 1743340253),
(60, 3, 'Vans OLDSKOOL-VN00D3HY28-Black-44 Unisex Sneakers, Black - Size 44', 'Creadas para hacer el día a día más cómodo a personas que buscan unas zapatillas muy resistentes con una sujeción excelente al pie. El diseño de estas zapatillas ofrece una buena sujeción y una excelente resistencia. Zapatillas casual muy resistentes gracias al exterior de polipiel irrompible.', '167.92', 'https://img.shop.com/Image/250000/251800/251872/products/1773542503.jpg', 'http://www.shop.com/vans-oldskool-vn00d3hy28-black-44-unisex-sneakers-black-size-44-1773542503-p.xhtml?publisherID=TEST', 1743337948),
(61, 4, 'Reebok Dmx Predator Run 10 Mu White Green Scarlet Mens Sneakers Low Top Shoes', 'Creadas para hacer el día a día más cómodo a personas que buscan unas zapatillas muy resistentes con una sujeción excelente al pie. El diseño de estas zapatillas ofrece una buena sujeción y una excelente resistencia. Zapatillas casual muy resistentes gracias al exterior de polipiel irrompible.', '162.99', 'https://img.shop.com/Image/260000/260000/260090/products/1768244745.jpg', 'http://www.shop.com/reebok-dmx-predator-run-10-mu-white-green-scarlet-mens-sneakers-low-top-shoes-1768244745-p.xhtml?publisherID=TEST', 1738040190),
(62, 4, 'Reebok Pyer Moss Daytona Dmx Experiment White Steel Stark Grey Mens Sneakers Low Top Shoes', 'Creadas para hacer el día a día más cómodo a personas que buscan unas zapatillas muy resistentes con una sujeción excelente al pie. El diseño de estas zapatillas ofrece una buena sujeción y una excelente resistencia. Zapatillas casual muy resistentes gracias al exterior de polipiel irrompible.', '132.99', 'https://img.shop.com/Image/260000/260000/260090/products/1769935603.jpg', 'http://www.shop.com/reebok-pyer-moss-daytona-dmx-experiment-white-steel-stark-grey-mens-sneakers-low-top-shoes-1769935603-p.xhtml?publisherID=TEST', 1739731048),
(63, 4, 'Reebok Liquid Speed Running Mens Shoes', 'Creadas para hacer el día a día más cómodo a personas que buscan unas zapatillas muy resistentes con una sujeción excelente al pie. El diseño de estas zapatillas ofrece una buena sujeción y una excelente resistencia. Zapatillas casual muy resistentes gracias al exterior de polipiel irrompible.', '190.00', 'https://img.shop.com/Image/260000/266700/266708/products/1727000390.jpg', 'http://www.shop.com/reebok-liquid-speed-running-mens-shoes-1727000390-p.xhtml?publisherID=TEST', 1696795836),
(64, 4, 'Reebok Float Ride Running Mens Shoes Size', 'Creadas para hacer el día a día más cómodo a personas que buscan unas zapatillas muy resistentes con una sujeción excelente al pie. El diseño de estas zapatillas ofrece una buena sujeción y una excelente resistencia. Zapatillas casual muy resistentes gracias al exterior de polipiel irrompible.', '150.00', 'https://img.shop.com/Image/260000/266700/266708/products/1756799477.jpg', 'http://www.shop.com/reebok-float-ride-running-mens-shoes-size-1756799477-p.xhtml?publisherID=TEST', 1726594923),
(65, 4, 'Reebok Hof Fury Athletic Mens Shoes Size', 'Creadas para hacer el día a día más cómodo a personas que buscan unas zapatillas muy resistentes con una sujeción excelente al pie. El diseño de estas zapatillas ofrece una buena sujeción y una excelente resistencia. Zapatillas casual muy resistentes gracias al exterior de polipiel irrompible.', '140.00', 'https://img.shop.com/Image/260000/266700/266708/products/1756800002.jpg', 'http://www.shop.com/reebok-hof-fury-athletic-mens-shoes-size-1756800002-p.xhtml?publisherID=TEST', 1726595448),
(66, 4, 'Reebok Instapump Fury Mens Athletic Shoes', 'Creadas para hacer el día a día más cómodo a personas que buscan unas zapatillas muy resistentes con una sujeción excelente al pie. El diseño de estas zapatillas ofrece una buena sujeción y una excelente resistencia. Zapatillas casual muy resistentes gracias al exterior de polipiel irrompible.', '247.99', 'https://img.shop.com/Image/270000/273200/273200/products/1765316153.jpg', 'http://www.shop.com/reebok-instapump-fury-mens-athletic-shoes-1765316153-p.xhtml?publisherID=TEST', 1735111599),
(67, 4, 'Reebok Nano 6.0 Cross Training Mens Shoes', 'Creadas para hacer el día a día más cómodo a personas que buscan unas zapatillas muy resistentes con una sujeción excelente al pie. El diseño de estas zapatillas ofrece una buena sujeción y una excelente resistencia. Zapatillas casual muy resistentes gracias al exterior de polipiel irrompible.', '130.00', 'https://img.shop.com/Image/260000/266700/266708/products/1727000428.jpg', 'http://www.shop.com/reebok-nano-60-cross-training-mens-shoes-1727000428-p.xhtml?publisherID=TEST', 1696795874),
(68, 4, 'Reebok Zpump Fusion Running Womens Shoes', 'Creadas para hacer el día a día más cómodo a personas que buscan unas zapatillas muy resistentes con una sujeción excelente al pie. El diseño de estas zapatillas ofrece una buena sujeción y una excelente resistencia. Zapatillas casual muy resistentes gracias al exterior de polipiel irrompible.', '87.71', 'https://img.shop.com/Image/260000/266700/266708/products/1705865730.jpg', 'http://www.shop.com/reebok-zpump-fusion-running-womens-shoes-1705865730-p.xhtml?publisherID=TEST', 1675661176),
(69, 4, 'Reebok Zpump Fusion Urban Running Womens Shoes', 'Creadas para hacer el día a día más cómodo a personas que buscan unas zapatillas muy resistentes con una sujeción excelente al pie. El diseño de estas zapatillas ofrece una buena sujeción y una excelente resistencia. Zapatillas casual muy resistentes gracias al exterior de polipiel irrompible.', '99.99', 'https://img.shop.com/Image/260000/266700/266708/products/1705871562.jpg', 'http://www.shop.com/reebok-zpump-fusion-urban-running-womens-shoes-1705871562-p.xhtml?publisherID=TEST', 1675667008),
(70, 4, 'Reebok Guresu Athletic Womens Shoes Size', 'Creadas para hacer el día a día más cómodo a personas que buscan unas zapatillas muy resistentes con una sujeción excelente al pie. El diseño de estas zapatillas ofrece una buena sujeción y una excelente resistencia. Zapatillas casual muy resistentes gracias al exterior de polipiel irrompible.', '90.00', 'https://img.shop.com/Image/260000/266700/266708/products/1756799506.jpg', 'http://www.shop.com/reebok-guresu-athletic-womens-shoes-size-1756799506-p.xhtml?publisherID=TEST', 1726594952),
(71, 4, 'Reebok Guresu 1.0 Athletic Womens Shoes Size', 'Creadas para hacer el día a día más cómodo a personas que buscan unas zapatillas muy resistentes con una sujeción excelente al pie. El diseño de estas zapatillas ofrece una buena sujeción y una excelente resistencia. Zapatillas casual muy resistentes gracias al exterior de polipiel irrompible.', '90.00', 'https://img.shop.com/Image/260000/266700/266708/products/1756799488.jpg', 'http://www.shop.com/reebok-guresu-10-athletic-womens-shoes-size-1756799488-p.xhtml?publisherID=TEST', 1726594934),
(72, 4, 'Reebok Z Pump Fusion Running Womens Shoes', 'Creadas para hacer el día a día más cómodo a personas que buscan unas zapatillas muy resistentes con una sujeción excelente al pie. El diseño de estas zapatillas ofrece una buena sujeción y una excelente resistencia. Zapatillas casual muy resistentes gracias al exterior de polipiel irrompible.', '79.99', 'https://img.shop.com/Image/260000/266700/266708/products/1705873388.jpg', 'http://www.shop.com/reebok-z-pump-fusion-running-womens-shoes-1705873388-p.xhtml?publisherID=TEST', 1675668834),
(73, 4, 'Reebok Z Pump Fusion Geo Running Womens Shoes', 'Creadas para hacer el día a día más cómodo a personas que buscan unas zapatillas muy resistentes con una sujeción excelente al pie. El diseño de estas zapatillas ofrece una buena sujeción y una excelente resistencia. Zapatillas casual muy resistentes gracias al exterior de polipiel irrompible.', '93.10', 'https://img.shop.com/Image/260000/266700/266708/products/1705864706.jpg', 'http://www.shop.com/reebok-z-pump-fusion-geo-running-womens-shoes-1705864706-p.xhtml?publisherID=TEST', 1675660152),
(74, 4, 'Reebok ERS Womens Boots Shoes', 'Creadas para hacer el día a día más cómodo a personas que buscan unas zapatillas muy resistentes con una sujeción excelente al pie. El diseño de estas zapatillas ofrece una buena sujeción y una excelente resistencia. Zapatillas casual muy resistentes gracias al exterior de polipiel irrompible.', '89.90', 'https://img.shop.com/Image/260000/266700/266708/products/1727124948.jpg', 'http://www.shop.com/reebok-ers-womens-boots-shoes-1727124948-p.xhtml?publisherID=TEST', 1696920394),
(75, 4, 'Reebok Zpump Fusion Splash Running Womens Shoes', 'Creadas para hacer el día a día más cómodo a personas que buscan unas zapatillas muy resistentes con una sujeción excelente al pie. El diseño de estas zapatillas ofrece una buena sujeción y una excelente resistencia. Zapatillas casual muy resistentes gracias al exterior de polipiel irrompible.', '87.86', 'https://img.shop.com/Image/260000/266700/266708/products/1705866144.jpg', 'http://www.shop.com/reebok-zpump-fusion-splash-running-womens-shoes-1705866144-p.xhtml?publisherID=TEST', 1675661590),
(76, 4, 'Reebok Iverson Legacy Red White Black Brass Mens Athletic Basketball Shoes', 'Creadas para hacer el día a día más cómodo a personas que buscan unas zapatillas muy resistentes con una sujeción excelente al pie. El diseño de estas zapatillas ofrece una buena sujeción y una excelente resistencia. Zapatillas casual muy resistentes gracias al exterior de polipiel irrompible.', '117.99', 'https://img.shop.com/Image/260000/260000/260090/products/1767049743.jpg', 'http://www.shop.com/reebok-iverson-legacy-red-white-black-brass-mens-athletic-basketball-shoes-1767049743-p.xhtml?publisherID=TEST', 1736845188),
(77, 4, 'Reebok Iverson Legacy Cc Blue Ink Team Dark Royal Mens Athletic Basketball Shoes', 'Creadas para hacer el día a día más cómodo a personas que buscan unas zapatillas muy resistentes con una sujeción excelente al pie. El diseño de estas zapatillas ofrece una buena sujeción y una excelente resistencia. Zapatillas casual muy resistentes gracias al exterior de polipiel irrompible.', '117.99', 'https://img.shop.com/Image/260000/260000/260090/products/1766124233.jpg', 'http://www.shop.com/reebok-iverson-legacy-cc-blue-ink-team-dark-royal-mens-athletic-basketball-shoes-1766124233-p.xhtml?publisherID=TEST', 1735919679),
(78, 4, 'Reebok Legacy Lifter Light Sand Black Gum Mens Sneakers Low Top Shoes', 'Creadas para hacer el día a día más cómodo a personas que buscan unas zapatillas muy resistentes con una sujeción excelente al pie. El diseño de estas zapatillas ofrece una buena sujeción y una excelente resistencia. Zapatillas casual muy resistentes gracias al exterior de polipiel irrompible.', '117.99', 'https://img.shop.com/Image/260000/260000/260090/products/1768359638.jpg', 'http://www.shop.com/reebok-legacy-lifter-light-sand-black-gum-mens-sneakers-low-top-shoes-1768359638-p.xhtml?publisherID=TEST', 1738155083),
(79, 4, 'Reebok Legacy Lifter White Crushed Cobalt Collegiate Navy Mens Sneakers Low Top Shoes', 'Creadas para hacer el día a día más cómodo a personas que buscan unas zapatillas muy resistentes con una sujeción excelente al pie. El diseño de estas zapatillas ofrece una buena sujeción y una excelente resistencia. Zapatillas casual muy resistentes gracias al exterior de polipiel irrompible.', '106.99', 'https://img.shop.com/Image/260000/260000/260090/products/1768359666.jpg', 'http://www.shop.com/reebok-legacy-lifter-white-crushed-cobalt-collegiate-navy-mens-sneakers-low-top-shoes-1768359666-p.xhtml?publisherID=TEST', 1738155111),
(80, 4, 'Reebok Legacy Lifter Black Black Mens Sneakers Low Top Shoes', 'Creadas para hacer el día a día más cómodo a personas que buscan unas zapatillas muy resistentes con una sujeción excelente al pie. El diseño de estas zapatillas ofrece una buena sujeción y una excelente resistencia. Zapatillas casual muy resistentes gracias al exterior de polipiel irrompible.', '103.99', 'https://img.shop.com/Image/260000/260000/260090/products/1772217750.jpg', 'http://www.shop.com/reebok-legacy-lifter-black-black-mens-sneakers-low-top-shoes-1772217750-p.xhtml?publisherID=TEST', 1742013195),
(81, 5, 'Puma Creeper Velvet Glacier Gray Glacier Gray Womens Lace Up Sneakers', 'Creadas para hacer el día a día más cómodo a personas que buscan unas zapatillas muy resistentes con una sujeción excelente al pie. El diseño de estas zapatillas ofrece una buena sujeción y una excelente resistencia. Zapatillas casual muy resistentes gracias al exterior de polipiel irrompible.', '81.99', 'https://img.shop.com/Image/260000/260000/260090/products/1724506342.jpg', 'http://www.shop.com/puma-creeper-velvet-glacier-gray-glacier-gray-womens-lace-up-sneakers-1724506342-p.xhtml?publisherID=TEST', 1694301788),
(82, 5, 'Puma Thunder Sankuanz Chinchilla Black Mens Low Top Sneakers', 'Creadas para hacer el día a día más cómodo a personas que buscan unas zapatillas muy resistentes con una sujeción excelente al pie. El diseño de estas zapatillas ofrece una buena sujeción y una excelente resistencia. Zapatillas casual muy resistentes gracias al exterior de polipiel irrompible.', '126.99', 'https://img.shop.com/Image/260000/260000/260090/products/1766548025.jpg', 'http://www.shop.com/puma-thunder-sankuanz-chinchilla-black-mens-low-top-sneakers-1766548025-p.xhtml?publisherID=TEST', 1736343470),
(83, 5, 'Puma Thunder Disc Les Benjamins Puma White Glacier Gray Mens Low Top Sneakers', 'Creadas para hacer el día a día más cómodo a personas que buscan unas zapatillas muy resistentes con una sujeción excelente al pie. El diseño de estas zapatillas ofrece una buena sujeción y una excelente resistencia. Zapatillas casual muy resistentes gracias al exterior de polipiel irrompible.', '126.99', 'https://img.shop.com/Image/260000/260000/260090/products/1766548013.jpg', 'http://www.shop.com/puma-thunder-disc-les-benjamins-puma-white-glacier-gray-mens-low-top-sneakers-1766548013-p.xhtml?publisherID=TEST', 1736343458),
(84, 5, 'Puma RS-1 x Ader Error Whisper White Blueprint Red Mens Low Top Sneakers', 'Creadas para hacer el día a día más cómodo a personas que buscan unas zapatillas muy resistentes con una sujeción excelente al pie. El diseño de estas zapatillas ofrece una buena sujeción y una excelente resistencia. Zapatillas casual muy resistentes gracias al exterior de polipiel irrompible.', '146.99', 'https://img.shop.com/Image/260000/260000/260090/products/1772912115.jpg', 'http://www.shop.com/puma-rs-1-x-ader-error-whisper-white-blueprint-red-mens-low-top-sneakers-1772912115-p.xhtml?publisherID=TEST', 1742707560),
(85, 5, 'Puma Cali O Diamond Supply Puma White Mens Low Top Sneakers', 'Creadas para hacer el día a día más cómodo a personas que buscan unas zapatillas muy resistentes con una sujeción excelente al pie. El diseño de estas zapatillas ofrece una buena sujeción y una excelente resistencia. Zapatillas casual muy resistentes gracias al exterior de polipiel irrompible.', '130.00', 'https://img.shop.com/Image/260000/260000/260090/products/1770054046.jpg', 'http://www.shop.com/puma-cali-o-diamond-supply-puma-white-mens-low-top-sneakers-1770054046-p.xhtml?publisherID=TEST', 1739849491);
INSERT INTO `producto` (`producto_id`, `categoria_id`, `nombre`, `descripcion`, `precio`, `imagen`, `enlace_compra`, `idApi`) VALUES
(86, 5, 'Puma R698 Mens Athletic Shoes', 'Creadas para hacer el día a día más cómodo a personas que buscan unas zapatillas muy resistentes con una sujeción excelente al pie. El diseño de estas zapatillas ofrece una buena sujeción y una excelente resistencia. Zapatillas casual muy resistentes gracias al exterior de polipiel irrompible.', '59.90', 'https://img.shop.com/Image/260000/266700/266708/products/1759647712.jpg', 'http://www.shop.com/puma-r698-mens-athletic-shoes-1759647712-p.xhtml?publisherID=TEST', 1729443158),
(87, 5, 'Puma Trinomic Mens Athletic Shoes', 'Creadas para hacer el día a día más cómodo a personas que buscan unas zapatillas muy resistentes con una sujeción excelente al pie. El diseño de estas zapatillas ofrece una buena sujeción y una excelente resistencia. Zapatillas casual muy resistentes gracias al exterior de polipiel irrompible.', '135.00', 'https://img.shop.com/Image/260000/266700/266708/products/1756797724.jpg', 'http://www.shop.com/puma-trinomic-mens-athletic-shoes-1756797724-p.xhtml?publisherID=TEST', 1726593170),
(88, 5, 'Puma Tsugi Jun Anr Athletic Mens Shoes Size', 'Creadas para hacer el día a día más cómodo a personas que buscan unas zapatillas muy resistentes con una sujeción excelente al pie. El diseño de estas zapatillas ofrece una buena sujeción y una excelente resistencia. Zapatillas casual muy resistentes gracias al exterior de polipiel irrompible.', '160.00', 'https://img.shop.com/Image/260000/266700/266708/products/1756797901.jpg', 'http://www.shop.com/puma-tsugi-jun-anr-athletic-mens-shoes-size-1756797901-p.xhtml?publisherID=TEST', 1726593347),
(89, 5, 'Puma Fenty Suede Cleated Creeper Athletic Womens Shoes Size', 'Creadas para hacer el día a día más cómodo a personas que buscan unas zapatillas muy resistentes con una sujeción excelente al pie. El diseño de estas zapatillas ofrece una buena sujeción y una excelente resistencia. Zapatillas casual muy resistentes gracias al exterior de polipiel irrompible.', '116.25', 'https://img.shop.com/Image/260000/266700/266708/products/1727124954.jpg', 'http://www.shop.com/puma-fenty-suede-cleated-creeper-athletic-womens-shoes-size-1727124954-p.xhtml?publisherID=TEST', 1696920400),
(90, 5, 'Puma Pointy Creeper Patent Casual Womens Shoes', 'Creadas para hacer el día a día más cómodo a personas que buscan unas zapatillas muy resistentes con una sujeción excelente al pie. El diseño de estas zapatillas ofrece una buena sujeción y una excelente resistencia. Zapatillas casual muy resistentes gracias al exterior de polipiel irrompible.', '110.63', 'https://img.shop.com/Image/260000/266700/266708/products/1705865305.jpg', 'http://www.shop.com/puma-pointy-creeper-patent-casual-womens-shoes-1705865305-p.xhtml?publisherID=TEST', 1675660751),
(91, 5, 'Puma Basket Platform Strap WnS Womens Shoes', 'Creadas para hacer el día a día más cómodo a personas que buscan unas zapatillas muy resistentes con una sujeción excelente al pie. El diseño de estas zapatillas ofrece una buena sujeción y una excelente resistencia. Zapatillas casual muy resistentes gracias al exterior de polipiel irrompible.', '109.99', 'https://img.shop.com/Image/260000/266700/266708/products/1759647777.jpg', 'http://www.shop.com/puma-basket-platform-strap-wns-womens-shoes-1759647777-p.xhtml?publisherID=TEST', 1729443223),
(92, 5, 'Puma Fierce Rope Copper Athletic Womens Shoes Size', 'Creadas para hacer el día a día más cómodo a personas que buscan unas zapatillas muy resistentes con una sujeción excelente al pie. El diseño de estas zapatillas ofrece una buena sujeción y una excelente resistencia. Zapatillas casual muy resistentes gracias al exterior de polipiel irrompible.', '85.75', 'https://img.shop.com/Image/260000/266700/266708/products/1727124980.jpg', 'http://www.shop.com/puma-fierce-rope-copper-athletic-womens-shoes-size-1727124980-p.xhtml?publisherID=TEST', 1696920426),
(93, 5, 'Puma Fenty Trainer Hi Athletic Womens Shoes Size', 'Creadas para hacer el día a día más cómodo a personas que buscan unas zapatillas muy resistentes con una sujeción excelente al pie. El diseño de estas zapatillas ofrece una buena sujeción y una excelente resistencia. Zapatillas casual muy resistentes gracias al exterior de polipiel irrompible.', '133.13', 'https://img.shop.com/Image/260000/266700/266708/products/1727124819.jpg', 'http://www.shop.com/puma-fenty-trainer-hi-athletic-womens-shoes-size-1727124819-p.xhtml?publisherID=TEST', 1696920265),
(94, 5, 'Puma Fierce Strap Swam WnS Training Womens Shoes', 'Creadas para hacer el día a día más cómodo a personas que buscan unas zapatillas muy resistentes con una sujeción excelente al pie. El diseño de estas zapatillas ofrece una buena sujeción y una excelente resistencia. Zapatillas casual muy resistentes gracias al exterior de polipiel irrompible.', '116.99', 'https://img.shop.com/Image/260000/266700/266708/products/1759646981.jpg', 'http://www.shop.com/puma-fierce-strap-swam-wns-training-womens-shoes-1759646981-p.xhtml?publisherID=TEST', 1729442427),
(95, 5, 'Puma Fenty Bow Sneaker Athletic Womens Shoes Size', 'Creadas para hacer el día a día más cómodo a personas que buscan unas zapatillas muy resistentes con una sujeción excelente al pie. El diseño de estas zapatillas ofrece una buena sujeción y una excelente resistencia. Zapatillas casual muy resistentes gracias al exterior de polipiel irrompible.', '116.35', 'https://img.shop.com/Image/260000/266700/266708/products/1727124745.jpg', 'http://www.shop.com/puma-fenty-bow-sneaker-athletic-womens-shoes-size-1727124745-p.xhtml?publisherID=TEST', 1696920191),
(96, 5, 'Puma Womens Creeper Velvet Low Top Lace Up Fashion Sneakers', 'Creadas para hacer el día a día más cómodo a personas que buscan unas zapatillas muy resistentes con una sujeción excelente al pie. El diseño de estas zapatillas ofrece una buena sujeción y una excelente resistencia. Zapatillas casual muy resistentes gracias al exterior de polipiel irrompible.', '120.00', 'https://img.shop.com/Image/260000/263300/263362/products/1753650477.jpg', 'http://www.shop.com/puma-womens-creeper-velvet-low-top-lace-up-fashion-sneakers-1753650477-p.xhtml?publisherID=TEST', 1723445923),
(97, 5, 'PUMA Womens Fenty x Ankle Strap Sneakers', 'Creadas para hacer el día a día más cómodo a personas que buscan unas zapatillas muy resistentes con una sujeción excelente al pie. El diseño de estas zapatillas ofrece una buena sujeción y una excelente resistencia. Zapatillas casual muy resistentes gracias al exterior de polipiel irrompible.', '119.97', 'https://img.shop.com/Image/260000/263300/263362/products/1714124673.jpg', 'http://www.shop.com/puma-womens-fenty-x-ankle-strap-sneakers-1714124673-p.xhtml?publisherID=TEST', 1683920119),
(98, 5, 'Puma Suede Classic + Agave Green White Mens Low Top Sneakers', 'Creadas para hacer el día a día más cómodo a personas que buscan unas zapatillas muy resistentes con una sujeción excelente al pie. El diseño de estas zapatillas ofrece una buena sujeción y una excelente resistencia. Zapatillas casual muy resistentes gracias al exterior de polipiel irrompible.', '103.99', 'https://img.shop.com/Image/260000/260000/260090/products/1766548009.jpg', 'http://www.shop.com/puma-suede-classic-agave-green-white-mens-low-top-sneakers-1766548009-p.xhtml?publisherID=TEST', 1736343454),
(99, 5, 'Puma Roma Basic Night Sky White Mens Low Top Sneakers', 'Creadas para hacer el día a día más cómodo a personas que buscan unas zapatillas muy resistentes con una sujeción excelente al pie. El diseño de estas zapatillas ofrece una buena sujeción y una excelente resistencia. Zapatillas casual muy resistentes gracias al exterior de polipiel irrompible.', '103.99', 'https://img.shop.com/Image/260000/260000/260090/products/1766548020.jpg', 'http://www.shop.com/puma-roma-basic-night-sky-white-mens-low-top-sneakers-1766548020-p.xhtml?publisherID=TEST', 1736343465),
(100, 5, 'Puma Suede Classic Ponderosa Pine Peacoat Mens Low Top Sneakers', 'Creadas para hacer el día a día más cómodo a personas que buscan unas zapatillas muy resistentes con una sujeción excelente al pie. El diseño de estas zapatillas ofrece una buena sujeción y una excelente resistencia. Zapatillas casual muy resistentes gracias al exterior de polipiel irrompible.', '103.99', 'https://img.shop.com/Image/260000/260000/260090/products/1766548022.jpg', 'http://www.shop.com/puma-suede-classic-ponderosa-pine-peacoat-mens-low-top-sneakers-1766548022-p.xhtml?publisherID=TEST', 1736343467),
(101, 6, 'Asics Gel 19 Running MenS Shoe', 'Creadas para hacer el día a día más cómodo a personas que buscan unas zapatillas muy resistentes con una sujeción excelente al pie. El diseño de estas zapatillas ofrece una buena sujeción y una excelente resistencia. Zapatillas casual muy resistentes gracias al exterior de polipiel irrompible.', '160.00', 'https://img.shop.com/Image/260000/266700/266708/products/1766871021.jpg', 'http://www.shop.com/asics-gel-19-running-mens-shoe-1766871021-p.xhtml?publisherID=TEST', 1736666466),
(102, 6, 'ASICS Tiger GEL-Lyte III Mens Athletic Shoes', 'Creadas para hacer el día a día más cómodo a personas que buscan unas zapatillas muy resistentes con una sujeción excelente al pie. El diseño de estas zapatillas ofrece una buena sujeción y una excelente resistencia. Zapatillas casual muy resistentes gracias al exterior de polipiel irrompible.', '79.99', 'https://img.shop.com/Image/260000/266700/266708/products/1766870818.jpg', 'http://www.shop.com/asics-tiger-gel-lyte-iii-mens-athletic-shoes-1766870818-p.xhtml?publisherID=TEST', 1736666263),
(103, 6, 'Asics Gel-Quantum 360 Shift Mx Running MenS Shoe', 'Creadas para hacer el día a día más cómodo a personas que buscan unas zapatillas muy resistentes con una sujeción excelente al pie. El diseño de estas zapatillas ofrece una buena sujeción y una excelente resistencia. Zapatillas casual muy resistentes gracias al exterior de polipiel irrompible.', '140.00', 'https://img.shop.com/Image/260000/266700/266708/products/1766870911.jpg', 'http://www.shop.com/asics-gel-quantum-360-shift-mx-running-mens-shoe-1766870911-p.xhtml?publisherID=TEST', 1736666356),
(104, 6, 'Asics Gel-Nimbus 20 Running MenS Shoe', 'Creadas para hacer el día a día más cómodo a personas que buscan unas zapatillas muy resistentes con una sujeción excelente al pie. El diseño de estas zapatillas ofrece una buena sujeción y una excelente resistencia. Zapatillas casual muy resistentes gracias al exterior de polipiel irrompible.', '160.00', 'https://img.shop.com/Image/260000/266700/266708/products/1766870511.jpg', 'http://www.shop.com/asics-gel-nimbus-20-running-mens-shoe-1766870511-p.xhtml?publisherID=TEST', 1736665956),
(105, 6, 'Asics Gel-Lyte Iii Athletic MenS Shoe', 'Creadas para hacer el día a día más cómodo a personas que buscan unas zapatillas muy resistentes con una sujeción excelente al pie. El diseño de estas zapatillas ofrece una buena sujeción y una excelente resistencia. Zapatillas casual muy resistentes gracias al exterior de polipiel irrompible.', '180.00', 'https://img.shop.com/Image/260000/266700/266708/products/1766871083.jpg', 'http://www.shop.com/asics-gel-lyte-iii-athletic-mens-shoe-1766871083-p.xhtml?publisherID=TEST', 1736666528),
(106, 6, 'Asics Gel-Lyte V Sanze Knit Athletic MenS Shoe', 'Creadas para hacer el día a día más cómodo a personas que buscan unas zapatillas muy resistentes con una sujeción excelente al pie. El diseño de estas zapatillas ofrece una buena sujeción y una excelente resistencia. Zapatillas casual muy resistentes gracias al exterior de polipiel irrompible.', '160.00', 'https://img.shop.com/Image/260000/266700/266708/products/1766870803.jpg', 'http://www.shop.com/asics-gel-lyte-v-sanze-knit-athletic-mens-shoe-1766870803-p.xhtml?publisherID=TEST', 1736666248),
(107, 6, 'ASICS GEL-Respector Mens Athletic Shoes', 'Creadas para hacer el día a día más cómodo a personas que buscan unas zapatillas muy resistentes con una sujeción excelente al pie. El diseño de estas zapatillas ofrece una buena sujeción y una excelente resistencia. Zapatillas casual muy resistentes gracias al exterior de polipiel irrompible.', '112.99', 'https://img.shop.com/Image/270000/273200/273200/products/1761978518.jpg', 'http://www.shop.com/asics-gel-respector-mens-athletic-shoes-1761978518-p.xhtml?publisherID=TEST', 1731773964),
(108, 6, 'Asics Gel-Kayano Athletic MenS Shoe', 'Creadas para hacer el día a día más cómodo a personas que buscan unas zapatillas muy resistentes con una sujeción excelente al pie. El diseño de estas zapatillas ofrece una buena sujeción y una excelente resistencia. Zapatillas casual muy resistentes gracias al exterior de polipiel irrompible.', '130.00', 'https://img.shop.com/Image/260000/266700/266708/products/1766870158.jpg', 'http://www.shop.com/asics-gel-kayano-athletic-mens-shoe-1766870158-p.xhtml?publisherID=TEST', 1736665603),
(109, 6, 'Asics Gt-3000 5 Running MenS Shoe', 'Creadas para hacer el día a día más cómodo a personas que buscan unas zapatillas muy resistentes con una sujeción excelente al pie. El diseño de estas zapatillas ofrece una buena sujeción y una excelente resistencia. Zapatillas casual muy resistentes gracias al exterior de polipiel irrompible.', '130.00', 'https://img.shop.com/Image/260000/266700/266708/products/1766870755.jpg', 'http://www.shop.com/asics-gt-3000-5-running-mens-shoe-1766870755-p.xhtml?publisherID=TEST', 1736666200),
(110, 6, 'Asics Gel-Kayano 24 Running MenS Shoe', 'Creadas para hacer el día a día más cómodo a personas que buscan unas zapatillas muy resistentes con una sujeción excelente al pie. El diseño de estas zapatillas ofrece una buena sujeción y una excelente resistencia. Zapatillas casual muy resistentes gracias al exterior de polipiel irrompible.', '160.00', 'https://img.shop.com/Image/260000/266700/266708/products/1766871081.jpg', 'http://www.shop.com/asics-gel-kayano-24-running-mens-shoe-1766871081-p.xhtml?publisherID=TEST', 1736666526),
(111, 6, 'Asics Hypergel-Kan Running MenS Shoe', 'Creadas para hacer el día a día más cómodo a personas que buscan unas zapatillas muy resistentes con una sujeción excelente al pie. El diseño de estas zapatillas ofrece una buena sujeción y una excelente resistencia. Zapatillas casual muy resistentes gracias al exterior de polipiel irrompible.', '150.00', 'https://img.shop.com/Image/260000/266700/266708/products/1766869823.jpg', 'http://www.shop.com/asics-hypergel-kan-running-mens-shoe-1766869823-p.xhtml?publisherID=TEST', 1736665268),
(112, 6, 'Asics Gel-Lyte V Sanze Athletic MenS Shoe', 'Creadas para hacer el día a día más cómodo a personas que buscan unas zapatillas muy resistentes con una sujeción excelente al pie. El diseño de estas zapatillas ofrece una buena sujeción y una excelente resistencia. Zapatillas casual muy resistentes gracias al exterior de polipiel irrompible.', '140.00', 'https://img.shop.com/Image/260000/266700/266708/products/1766870824.jpg', 'http://www.shop.com/asics-gel-lyte-v-sanze-athletic-mens-shoe-1766870824-p.xhtml?publisherID=TEST', 1736666269),
(113, 6, 'Asics Quantum 360 Knit Running MenS Shoe', 'Creadas para hacer el día a día más cómodo a personas que buscan unas zapatillas muy resistentes con una sujeción excelente al pie. El diseño de estas zapatillas ofrece una buena sujeción y una excelente resistencia. Zapatillas casual muy resistentes gracias al exterior de polipiel irrompible.', '136.25', 'https://img.shop.com/Image/260000/266700/266708/products/1766870974.jpg', 'http://www.shop.com/asics-quantum-360-knit-running-mens-shoe-1766870974-p.xhtml?publisherID=TEST', 1736666419),
(114, 6, 'ASICS DS Trainer Mens Athletic Shoes', 'Creadas para hacer el día a día más cómodo a personas que buscan unas zapatillas muy resistentes con una sujeción excelente al pie. El diseño de estas zapatillas ofrece una buena sujeción y una excelente resistencia. Zapatillas casual muy resistentes gracias al exterior de polipiel irrompible.', '110.00', 'https://img.shop.com/Image/260000/266700/266708/products/1759647933.jpg', 'http://www.shop.com/asics-ds-trainer-mens-athletic-shoes-1759647933-p.xhtml?publisherID=TEST', 1729443379),
(115, 6, 'Asics Lyte V Neutrals Athletic MenS Shoe', 'Creadas para hacer el día a día más cómodo a personas que buscan unas zapatillas muy resistentes con una sujeción excelente al pie. El diseño de estas zapatillas ofrece una buena sujeción y una excelente resistencia. Zapatillas casual muy resistentes gracias al exterior de polipiel irrompible.', '150.00', 'https://img.shop.com/Image/260000/266700/266708/products/1766871077.jpg', 'http://www.shop.com/asics-lyte-v-neutrals-athletic-mens-shoe-1766871077-p.xhtml?publisherID=TEST', 1736666522),
(116, 6, 'Asics Gel-Cumulus 20 Running MenS Shoe', 'Creadas para hacer el día a día más cómodo a personas que buscan unas zapatillas muy resistentes con una sujeción excelente al pie. El diseño de estas zapatillas ofrece una buena sujeción y una excelente resistencia. Zapatillas casual muy resistentes gracias al exterior de polipiel irrompible.', '160.00', 'https://img.shop.com/Image/260000/266700/266708/products/1766869818.jpg', 'http://www.shop.com/asics-gel-cumulus-20-running-mens-shoe-1766869818-p.xhtml?publisherID=TEST', 1736665263),
(117, 6, 'Asics International Lyte Wrestling MenS Shoe', 'Creadas para hacer el día a día más cómodo a personas que buscan unas zapatillas muy resistentes con una sujeción excelente al pie. El diseño de estas zapatillas ofrece una buena sujeción y una excelente resistencia. Zapatillas casual muy resistentes gracias al exterior de polipiel irrompible.', '150.00', 'https://img.shop.com/Image/260000/266700/266708/products/1766871070.jpg', 'http://www.shop.com/asics-international-lyte-wrestling-mens-shoe-1766871070-p.xhtml?publisherID=TEST', 1736666515),
(118, 6, 'Asics Gel-Lyte Mt Running MenS Shoe', 'Creadas para hacer el día a día más cómodo a personas que buscan unas zapatillas muy resistentes con una sujeción excelente al pie. El diseño de estas zapatillas ofrece una buena sujeción y una excelente resistencia. Zapatillas casual muy resistentes gracias al exterior de polipiel irrompible.', '150.00', 'https://img.shop.com/Image/260000/266700/266708/products/1766870136.jpg', 'http://www.shop.com/asics-gel-lyte-mt-running-mens-shoe-1766870136-p.xhtml?publisherID=TEST', 1736665581),
(119, 6, 'Asics Solution Speed Ff Running MenS Shoe', 'Creadas para hacer el día a día más cómodo a personas que buscan unas zapatillas muy resistentes con una sujeción excelente al pie. El diseño de estas zapatillas ofrece una buena sujeción y una excelente resistencia. Zapatillas casual muy resistentes gracias al exterior de polipiel irrompible.', '130.00', 'https://img.shop.com/Image/260000/266700/266708/products/1766870497.jpg', 'http://www.shop.com/asics-solution-speed-ff-running-mens-shoe-1766870497-p.xhtml?publisherID=TEST', 1736665942),
(120, 6, 'Asics Gel-Kayano 23 Running MenS Shoe', 'Creadas para hacer el día a día más cómodo a personas que buscan unas zapatillas muy resistentes con una sujeción excelente al pie. El diseño de estas zapatillas ofrece una buena sujeción y una excelente resistencia. Zapatillas casual muy resistentes gracias al exterior de polipiel irrompible.', '156.99', 'https://img.shop.com/Image/260000/266700/266708/products/1766870607.jpg', 'http://www.shop.com/asics-gel-kayano-23-running-mens-shoe-1766870607-p.xhtml?publisherID=TEST', 1736666052),
(121, 8, 'Converse Chuck Taylor All Star Charcoal High Top Sneakers 1J793', 'Creadas para hacer el día a día más cómodo a personas que buscan unas zapatillas muy resistentes con una sujeción excelente al pie. El diseño de estas zapatillas ofrece una buena sujeción y una excelente resistencia. Zapatillas casual muy resistentes gracias al exterior de polipiel irrompible.', '49.95', 'https://img.shop.com/Image/260000/269600/269608/products/1596065395.jpg', 'http://www.shop.com/converse-chuck-taylor-all-star-charcoal-high-top-sneakers-1j793-1596065395-p.xhtml?publisherID=TEST', 1565882042),
(122, 8, 'Converse John Varvatos As Hi Athletic Unisex Shoe', 'Creadas para hacer el día a día más cómodo a personas que buscan unas zapatillas muy resistentes con una sujeción excelente al pie. El diseño de estas zapatillas ofrece una buena sujeción y una excelente resistencia. Zapatillas casual muy resistentes gracias al exterior de polipiel irrompible.', '150.00', 'https://img.shop.com/Image/260000/266700/266708/products/1766870341.jpg', 'http://www.shop.com/converse-john-varvatos-as-hi-athletic-unisex-shoe-1766870341-p.xhtml?publisherID=TEST', 1736665786),
(123, 8, 'Converse John Varvatos Chuck Taylor Hi Athletic Unisex Shoe', 'Creadas para hacer el día a día más cómodo a personas que buscan unas zapatillas muy resistentes con una sujeción excelente al pie. El diseño de estas zapatillas ofrece una buena sujeción y una excelente resistencia. Zapatillas casual muy resistentes gracias al exterior de polipiel irrompible.', '200.00', 'https://img.shop.com/Image/260000/266700/266708/products/1766870314.jpg', 'http://www.shop.com/converse-john-varvatos-chuck-taylor-hi-athletic-unisex-shoe-1766870314-p.xhtml?publisherID=TEST', 1736665759),
(124, 8, 'Converse Chuck Taylor Lux Shround Athletic WomenS Shoe', 'Creadas para hacer el día a día más cómodo a personas que buscan unas zapatillas muy resistentes con una sujeción excelente al pie. El diseño de estas zapatillas ofrece una buena sujeción y una excelente resistencia. Zapatillas casual muy resistentes gracias al exterior de polipiel irrompible.', '120.00', 'https://img.shop.com/Image/260000/266700/266708/products/1766870112.jpg', 'http://www.shop.com/converse-chuck-taylor-lux-shround-athletic-womens-shoe-1766870112-p.xhtml?publisherID=TEST', 1736665557),
(125, 8, 'Converse Chuck Taylor All-Star Hi Studded Athletic WomenS Shoe', 'Creadas para hacer el día a día más cómodo a personas que buscan unas zapatillas muy resistentes con una sujeción excelente al pie. El diseño de estas zapatillas ofrece una buena sujeción y una excelente resistencia. Zapatillas casual muy resistentes gracias al exterior de polipiel irrompible.', '125.00', 'https://img.shop.com/Image/260000/266700/266708/products/1766870363.jpg', 'http://www.shop.com/converse-chuck-taylor-all-star-hi-studded-athletic-womens-shoe-1766870363-p.xhtml?publisherID=TEST', 1736665808),
(126, 8, 'Converse M5039-BLACK-Black-41 Unisex Sneakers Shoes, Black - Size 41', 'Creadas para hacer el día a día más cómodo a personas que buscan unas zapatillas muy resistentes con una sujeción excelente al pie. El diseño de estas zapatillas ofrece una buena sujeción y una excelente resistencia. Zapatillas casual muy resistentes gracias al exterior de polipiel irrompible.', '138.87', 'https://img.shop.com/Image/250000/251800/251872/products/1772936767.jpg', 'http://www.shop.com/converse-m5039-black-black-41-unisex-sneakers-shoes-black-size-41-1772936767-p.xhtml?publisherID=TEST', 1742725396),
(127, 8, 'Converse M7650-WHITE-White-36.5 Unisex Sneakers Shoes, White - Size 36.5', 'Creadas para hacer el día a día más cómodo a personas que buscan unas zapatillas muy resistentes con una sujeción excelente al pie. El diseño de estas zapatillas ofrece una buena sujeción y una excelente resistencia. Zapatillas casual muy resistentes gracias al exterior de polipiel irrompible.', '138.87', 'https://img.shop.com/Image/250000/251800/251872/products/1772936770.jpg', 'http://www.shop.com/converse-m7650-white-white-365-unisex-sneakers-shoes-white-size-365-1772936770-p.xhtml?publisherID=TEST', 1742725399),
(128, 8, 'Converse M7650-WHITE-White-39.5 Unisex Sneakers Shoes, White - Size 39.5', 'Creadas para hacer el día a día más cómodo a personas que buscan unas zapatillas muy resistentes con una sujeción excelente al pie. El diseño de estas zapatillas ofrece una buena sujeción y una excelente resistencia. Zapatillas casual muy resistentes gracias al exterior de polipiel irrompible.', '138.87', 'https://img.shop.com/Image/250000/251800/251872/products/1772937580.jpg', 'http://www.shop.com/converse-m7650-white-white-395-unisex-sneakers-shoes-white-size-395-1772937580-p.xhtml?publisherID=TEST', 1742732556),
(129, 8, 'Converse M7650-WHITE-White-42 Unisex Sneakers Shoes, White - Size 42', 'Creadas para hacer el día a día más cómodo a personas que buscan unas zapatillas muy resistentes con una sujeción excelente al pie. El diseño de estas zapatillas ofrece una buena sujeción y una excelente resistencia. Zapatillas casual muy resistentes gracias al exterior de polipiel irrompible.', '138.87', 'https://img.shop.com/Image/250000/251800/251872/products/1772937731.jpg', 'http://www.shop.com/converse-m7650-white-white-42-unisex-sneakers-shoes-white-size-42-1772937731-p.xhtml?publisherID=TEST', 1742732707),
(130, 8, 'Converse M5039-BLACK-Black-37 Unisex Sneakers Shoes, Black - Size 37', 'Creadas para hacer el día a día más cómodo a personas que buscan unas zapatillas muy resistentes con una sujeción excelente al pie. El diseño de estas zapatillas ofrece una buena sujeción y una excelente resistencia. Zapatillas casual muy resistentes gracias al exterior de polipiel irrompible.', '138.87', 'https://img.shop.com/Image/250000/251800/251872/products/1772938748.jpg', 'http://www.shop.com/converse-m5039-black-black-37-unisex-sneakers-shoes-black-size-37-1772938748-p.xhtml?publisherID=TEST', 1742730443),
(131, 8, 'Converse M5039-BLACK-Black-45 Unisex Sneakers Shoes, Black - Size 45', 'Creadas para hacer el día a día más cómodo a personas que buscan unas zapatillas muy resistentes con una sujeción excelente al pie. El diseño de estas zapatillas ofrece una buena sujeción y una excelente resistencia. Zapatillas casual muy resistentes gracias al exterior de polipiel irrompible.', '138.87', 'https://img.shop.com/Image/250000/251800/251872/products/1772936769.jpg', 'http://www.shop.com/converse-m5039-black-black-45-unisex-sneakers-shoes-black-size-45-1772936769-p.xhtml?publisherID=TEST', 1742725398),
(132, 8, 'Converse M5039-BLACK-Black-37.5 Unisex Sneakers Shoes, Black - Size 37.5', 'Creadas para hacer el día a día más cómodo a personas que buscan unas zapatillas muy resistentes con una sujeción excelente al pie. El diseño de estas zapatillas ofrece una buena sujeción y una excelente resistencia. Zapatillas casual muy resistentes gracias al exterior de polipiel irrompible.', '138.87', 'https://img.shop.com/Image/250000/251800/251872/products/1772938749.jpg', 'http://www.shop.com/converse-m5039-black-black-375-unisex-sneakers-shoes-black-size-375-1772938749-p.xhtml?publisherID=TEST', 1742730444),
(133, 8, 'Converse M7650-WHITE-White-45 Unisex Sneakers Shoes, White - Size 45', 'Creadas para hacer el día a día más cómodo a personas que buscan unas zapatillas muy resistentes con una sujeción excelente al pie. El diseño de estas zapatillas ofrece una buena sujeción y una excelente resistencia. Zapatillas casual muy resistentes gracias al exterior de polipiel irrompible.', '138.87', 'https://img.shop.com/Image/250000/251800/251872/products/1772937736.jpg', 'http://www.shop.com/converse-m7650-white-white-45-unisex-sneakers-shoes-white-size-45-1772937736-p.xhtml?publisherID=TEST', 1742732712),
(134, 8, 'Converse M9622-BLUE-Blue-40 Unisex Sneakers Shoes, Blue - Size 40', 'Creadas para hacer el día a día más cómodo a personas que buscan unas zapatillas muy resistentes con una sujeción excelente al pie. El diseño de estas zapatillas ofrece una buena sujeción y una excelente resistencia. Zapatillas casual muy resistentes gracias al exterior de polipiel irrompible.', '138.87', 'https://img.shop.com/Image/250000/251800/251872/products/1772930707.jpg', 'http://www.shop.com/converse-m9622-blue-blue-40-unisex-sneakers-shoes-blue-size-40-1772930707-p.xhtml?publisherID=TEST', 1742735126),
(135, 8, 'Converse M9622-BLUE-Blue-37.5 Unisex Sneakers Shoes, Blue - Size 37.5', 'Creadas para hacer el día a día más cómodo a personas que buscan unas zapatillas muy resistentes con una sujeción excelente al pie. El diseño de estas zapatillas ofrece una buena sujeción y una excelente resistencia. Zapatillas casual muy resistentes gracias al exterior de polipiel irrompible.', '138.87', 'https://img.shop.com/Image/250000/251800/251872/products/1772930703.jpg', 'http://www.shop.com/converse-m9622-blue-blue-375-unisex-sneakers-shoes-blue-size-375-1772930703-p.xhtml?publisherID=TEST', 1742735122),
(136, 8, 'Converse M9162-YELLOW-White-43 Unisex Sneakers Shoes, Yellow & White - Size 43', 'Creadas para hacer el día a día más cómodo a personas que buscan unas zapatillas muy resistentes con una sujeción excelente al pie. El diseño de estas zapatillas ofrece una buena sujeción y una excelente resistencia. Zapatillas casual muy resistentes gracias al exterior de polipiel irrompible.', '138.87', 'https://img.shop.com/Image/250000/251800/251872/products/1772937744.jpg', 'http://www.shop.com/converse-m9162-yellow-white-43-unisex-sneakers-shoes-yellow-and-white-size-43-1772937744-p.xhtml?publisherID=TEST', 1742732720),
(137, 8, 'Converse M7652-WHITE-White-43 Unisex Sneakers Shoes, White - Size 43', 'Creadas para hacer el día a día más cómodo a personas que buscan unas zapatillas muy resistentes con una sujeción excelente al pie. El diseño de estas zapatillas ofrece una buena sujeción y una excelente resistencia. Zapatillas casual muy resistentes gracias al exterior de polipiel irrompible.', '138.87', 'https://img.shop.com/Image/250000/251800/251872/products/1772937739.jpg', 'http://www.shop.com/converse-m7652-white-white-43-unisex-sneakers-shoes-white-size-43-1772937739-p.xhtml?publisherID=TEST', 1742732715),
(138, 8, 'Converse M9162-YELLOW-White-42 Unisex Sneakers Shoes, Yellow & White - Size 42', 'Creadas para hacer el día a día más cómodo a personas que buscan unas zapatillas muy resistentes con una sujeción excelente al pie. El diseño de estas zapatillas ofrece una buena sujeción y una excelente resistencia. Zapatillas casual muy resistentes gracias al exterior de polipiel irrompible.', '138.87', 'https://img.shop.com/Image/250000/251800/251872/products/1772937743.jpg', 'http://www.shop.com/converse-m9162-yellow-white-42-unisex-sneakers-shoes-yellow-and-white-size-42-1772937743-p.xhtml?publisherID=TEST', 1742732719),
(139, 8, 'Converse M7652-WHITE-White-40 Unisex Sneakers Shoes, White - Size 40', 'Creadas para hacer el día a día más cómodo a personas que buscan unas zapatillas muy resistentes con una sujeción excelente al pie. El diseño de estas zapatillas ofrece una buena sujeción y una excelente resistencia. Zapatillas casual muy resistentes gracias al exterior de polipiel irrompible.', '138.87', 'https://img.shop.com/Image/250000/251800/251872/products/1772937738.jpg', 'http://www.shop.com/converse-m7652-white-white-40-unisex-sneakers-shoes-white-size-40-1772937738-p.xhtml?publisherID=TEST', 1742732714),
(140, 8, 'Converse M9622-BLUE-Blue-36.5 Unisex Sneakers Shoes, Blue - Size 36.5', 'Creadas para hacer el día a día más cómodo a personas que buscan unas zapatillas muy resistentes con una sujeción excelente al pie. El diseño de estas zapatillas ofrece una buena sujeción y una excelente resistencia. Zapatillas casual muy resistentes gracias al exterior de polipiel irrompible.', '138.87', 'https://img.shop.com/Image/250000/251800/251872/products/1772937747.jpg', 'http://www.shop.com/converse-m9622-blue-blue-365-unisex-sneakers-shoes-blue-size-365-1772937747-p.xhtml?publisherID=TEST', 1742732723),
(141, 9, 'Skechers Gostep Lite Solace Slip-On Womens Shoes Size', 'Creadas para hacer el día a día más cómodo a personas que buscan unas zapatillas muy resistentes con una sujeción excelente al pie. El diseño de estas zapatillas ofrece una buena sujeción y una excelente resistencia. Zapatillas casual muy resistentes gracias al exterior de polipiel irrompible.', '89.90', 'https://img.shop.com/Image/260000/266700/266708/products/1756798236.jpg', 'http://www.shop.com/skechers-gostep-lite-solace-slip-on-womens-shoes-size-1756798236-p.xhtml?publisherID=TEST', 1726593682),
(142, 9, 'Skechers Vaso Tres Slip-On Womens Shoes Size', 'Creadas para hacer el día a día más cómodo a personas que buscan unas zapatillas muy resistentes con una sujeción excelente al pie. El diseño de estas zapatillas ofrece una buena sujeción y una excelente resistencia. Zapatillas casual muy resistentes gracias al exterior de polipiel irrompible.', '80.00', 'https://img.shop.com/Image/260000/266700/266708/products/1756797789.jpg', 'http://www.shop.com/skechers-vaso-tres-slip-on-womens-shoes-size-1756797789-p.xhtml?publisherID=TEST', 1726593235),
(143, 9, 'Skechers Uplift Rocker Stud Slip-On Womens Shoes Size', 'Creadas para hacer el día a día más cómodo a personas que buscan unas zapatillas muy resistentes con una sujeción excelente al pie. El diseño de estas zapatillas ofrece una buena sujeción y una excelente resistencia. Zapatillas casual muy resistentes gracias al exterior de polipiel irrompible.', '75.00', 'https://img.shop.com/Image/260000/266700/266708/products/1756798588.jpg', 'http://www.shop.com/skechers-uplift-rocker-stud-slip-on-womens-shoes-size-1756798588-p.xhtml?publisherID=TEST', 1726594034),
(144, 9, 'Skechers On-The-Go 400 Glacial Fitness Womens Shoes Size', 'Creadas para hacer el día a día más cómodo a personas que buscan unas zapatillas muy resistentes con una sujeción excelente al pie. El diseño de estas zapatillas ofrece una buena sujeción y una excelente resistencia. Zapatillas casual muy resistentes gracias al exterior de polipiel irrompible.', '82.50', 'https://img.shop.com/Image/260000/266700/266708/products/1756798458.jpg', 'http://www.shop.com/skechers-on-the-go-400-glacial-fitness-womens-shoes-size-1756798458-p.xhtml?publisherID=TEST', 1726593904),
(145, 9, 'Skechers Duck Waddle Boots Womens Shoes', 'Creadas para hacer el día a día más cómodo a personas que buscan unas zapatillas muy resistentes con una sujeción excelente al pie. El diseño de estas zapatillas ofrece una buena sujeción y una excelente resistencia. Zapatillas casual muy resistentes gracias al exterior de polipiel irrompible.', '99.99', 'https://img.shop.com/Image/260000/266700/266708/products/1705864943.jpg', 'http://www.shop.com/skechers-duck-waddle-boots-womens-shoes-1705864943-p.xhtml?publisherID=TEST', 1675660389),
(146, 9, 'SKECHERS Porter-Ressen Oxford Mens Shoes Size', 'Creadas para hacer el día a día más cómodo a personas que buscan unas zapatillas muy resistentes con una sujeción excelente al pie. El diseño de estas zapatillas ofrece una buena sujeción y una excelente resistencia. Zapatillas casual muy resistentes gracias al exterior de polipiel irrompible.', '80.00', 'https://img.shop.com/Image/260000/266700/266708/products/1756798343.jpg', 'http://www.shop.com/skechers-porter-ressen-oxford-mens-shoes-size-1756798343-p.xhtml?publisherID=TEST', 1726593789),
(147, 9, 'Skechers Los Angeles 2016 Running Womens Shoes Size', 'Creadas para hacer el día a día más cómodo a personas que buscan unas zapatillas muy resistentes con una sujeción excelente al pie. El diseño de estas zapatillas ofrece una buena sujeción y una excelente resistencia. Zapatillas casual muy resistentes gracias al exterior de polipiel irrompible.', '104.38', 'https://img.shop.com/Image/260000/266700/266708/products/1727125128.jpg', 'http://www.shop.com/skechers-los-angeles-2016-running-womens-shoes-size-1727125128-p.xhtml?publisherID=TEST', 1696920574),
(148, 9, 'Skechers Drip Drops Infants Shoes', 'Creadas para hacer el día a día más cómodo a personas que buscan unas zapatillas muy resistentes con una sujeción excelente al pie. El diseño de estas zapatillas ofrece una buena sujeción y una excelente resistencia. Zapatillas casual muy resistentes gracias al exterior de polipiel irrompible.', '32.50', 'https://img.shop.com/Image/260000/266700/266708/products/1705864247.jpg', 'http://www.shop.com/skechers-drip-drops-infants-shoes-1705864247-p.xhtml?publisherID=TEST', 1675659693),
(149, 9, 'Skechers Breathe Easy Lavish Days Slip-On Womens Shoes Size', 'Creadas para hacer el día a día más cómodo a personas que buscan unas zapatillas muy resistentes con una sujeción excelente al pie. El diseño de estas zapatillas ofrece una buena sujeción y una excelente resistencia. Zapatillas casual muy resistentes gracias al exterior de polipiel irrompible.', '65.00', 'https://img.shop.com/Image/260000/266700/266708/products/1756799001.jpg', 'http://www.shop.com/skechers-breathe-easy-lavish-days-slip-on-womens-shoes-size-1756799001-p.xhtml?publisherID=TEST', 1726594447),
(150, 9, 'Skechers Empress Looking Good Slip-On Womens Shoes', 'Creadas para hacer el día a día más cómodo a personas que buscan unas zapatillas muy resistentes con una sujeción excelente al pie. El diseño de estas zapatillas ofrece una buena sujeción y una excelente resistencia. Zapatillas casual muy resistentes gracias al exterior de polipiel irrompible.', '65.00', 'https://img.shop.com/Image/260000/266700/266708/products/1705872463.jpg', 'http://www.shop.com/skechers-empress-looking-good-slip-on-womens-shoes-1705872463-p.xhtml?publisherID=TEST', 1675667909),
(151, 9, 'Skechers Earth Fest Slip-On Womens Shoes Size', 'Creadas para hacer el día a día más cómodo a personas que buscan unas zapatillas muy resistentes con una sujeción excelente al pie. El diseño de estas zapatillas ofrece una buena sujeción y una excelente resistencia. Zapatillas casual muy resistentes gracias al exterior de polipiel irrompible.', '60.00', 'https://img.shop.com/Image/260000/266700/266708/products/1756797990.jpg', 'http://www.shop.com/skechers-earth-fest-slip-on-womens-shoes-size-1756797990-p.xhtml?publisherID=TEST', 1726593436),
(152, 9, 'Skechers Ez Flex 3.0 - Be You Training Womens Shoes Size', 'Creadas para hacer el día a día más cómodo a personas que buscan unas zapatillas muy resistentes con una sujeción excelente al pie. El diseño de estas zapatillas ofrece una buena sujeción y una excelente resistencia. Zapatillas casual muy resistentes gracias al exterior de polipiel irrompible.', '90.00', 'https://img.shop.com/Image/260000/266700/266708/products/1756798541.jpg', 'http://www.shop.com/skechers-ez-flex-30-be-you-training-womens-shoes-size-1756798541-p.xhtml?publisherID=TEST', 1726593987),
(153, 9, 'Skechers Softie Womens Athletic Shoes', 'Creadas para hacer el día a día más cómodo a personas que buscan unas zapatillas muy resistentes con una sujeción excelente al pie. El diseño de estas zapatillas ofrece una buena sujeción y una excelente resistencia. Zapatillas casual muy resistentes gracias al exterior de polipiel irrompible.', '75.00', 'https://img.shop.com/Image/260000/266700/266708/products/1756798622.jpg', 'http://www.shop.com/skechers-softie-womens-athletic-shoes-1756798622-p.xhtml?publisherID=TEST', 1726594068),
(154, 9, 'Skechers Roamer Loafer Womens Shoes Size', 'Creadas para hacer el día a día más cómodo a personas que buscan unas zapatillas muy resistentes con una sujeción excelente al pie. El diseño de estas zapatillas ofrece una buena sujeción y una excelente resistencia. Zapatillas casual muy resistentes gracias al exterior de polipiel irrompible.', '60.00', 'https://img.shop.com/Image/260000/266700/266708/products/1756798433.jpg', 'http://www.shop.com/skechers-roamer-loafer-womens-shoes-size-1756798433-p.xhtml?publisherID=TEST', 1726593879),
(155, 9, 'Skechers Hawk Infants Shoes', 'Creadas para hacer el día a día más cómodo a personas que buscan unas zapatillas muy resistentes con una sujeción excelente al pie. El diseño de estas zapatillas ofrece una buena sujeción y una excelente resistencia. Zapatillas casual muy resistentes gracias al exterior de polipiel irrompible.', '36.90', 'https://img.shop.com/Image/260000/266700/266708/products/1705864525.jpg', 'http://www.shop.com/skechers-hawk-infants-shoes-1705864525-p.xhtml?publisherID=TEST', 1675659971),
(156, 9, 'Skechers Bikers Motoring Motor-Sports Womens Shoes Size', 'Creadas para hacer el día a día más cómodo a personas que buscan unas zapatillas muy resistentes con una sujeción excelente al pie. El diseño de estas zapatillas ofrece una buena sujeción y una excelente resistencia. Zapatillas casual muy resistentes gracias al exterior de polipiel irrompible.', '65.00', 'https://img.shop.com/Image/260000/266700/266708/products/1756797941.jpg', 'http://www.shop.com/skechers-bikers-motoring-motor-sports-womens-shoes-size-1756797941-p.xhtml?publisherID=TEST', 1726593387),
(157, 9, 'Skechers Ballet Kicks Running Womens Shoes Size', 'Creadas para hacer el día a día más cómodo a personas que buscan unas zapatillas muy resistentes con una sujeción excelente al pie. El diseño de estas zapatillas ofrece una buena sujeción y una excelente resistencia. Zapatillas casual muy resistentes gracias al exterior de polipiel irrompible.', '60.00', 'https://img.shop.com/Image/260000/266700/266708/products/1727124443.jpg', 'http://www.shop.com/skechers-ballet-kicks-running-womens-shoes-size-1727124443-p.xhtml?publisherID=TEST', 1696919889),
(158, 9, 'Skechers Ultra - Bounce Outdoors Womens Shoes', 'Creadas para hacer el día a día más cómodo a personas que buscan unas zapatillas muy resistentes con una sujeción excelente al pie. El diseño de estas zapatillas ofrece una buena sujeción y una excelente resistencia. Zapatillas casual muy resistentes gracias al exterior de polipiel irrompible.', '77.50', 'https://img.shop.com/Image/260000/266700/266708/products/1705873625.jpg', 'http://www.shop.com/skechers-ultra-bounce-outdoors-womens-shoes-1705873625-p.xhtml?publisherID=TEST', 1675669071),
(159, 9, 'Skechers Ultra - Bounce Outdoors Womens Shoes', 'Creadas para hacer el día a día más cómodo a personas que buscan unas zapatillas muy resistentes con una sujeción excelente al pie. El diseño de estas zapatillas ofrece una buena sujeción y una excelente resistencia. Zapatillas casual muy resistentes gracias al exterior de polipiel irrompible.', '77.50', 'https://img.shop.com/Image/260000/266700/266708/products/1705864038.jpg', 'http://www.shop.com/skechers-ultra-bounce-outdoors-womens-shoes-1705864038-p.xhtml?publisherID=TEST', 1675659484),
(160, 9, 'Skechers Drip Drops Infants Shoes', 'Creadas para hacer el día a día más cómodo a personas que buscan unas zapatillas muy resistentes con una sujeción excelente al pie. El diseño de estas zapatillas ofrece una buena sujeción y una excelente resistencia. Zapatillas casual muy resistentes gracias al exterior de polipiel irrompible.', '34.88', 'https://img.shop.com/Image/260000/266700/266708/products/1705865137.jpg', 'http://www.shop.com/skechers-drip-drops-infants-shoes-1705865137-p.xhtml?publisherID=TEST', 1675660583),
(161, 10, 'Clarks Clarkdale Gobi Mens Boots Shoes', 'Creadas para hacer el día a día más cómodo a personas que buscan unas zapatillas muy resistentes con una sujeción excelente al pie. El diseño de estas zapatillas ofrece una buena sujeción y una excelente resistencia. Zapatillas casual muy resistentes gracias al exterior de polipiel irrompible.', '108.99', 'https://img.shop.com/Image/260000/260000/260090/products/1755055584.jpg', 'http://www.shop.com/clarks-clarkdale-gobi-mens-boots-shoes-1755055584-p.xhtml?publisherID=TEST', 1724851030),
(162, 10, 'Clarks Atticus Lace Black Mens Casual Dress Oxfords', 'Creadas para hacer el día a día más cómodo a personas que buscan unas zapatillas muy resistentes con una sujeción excelente al pie. El diseño de estas zapatillas ofrece una buena sujeción y una excelente resistencia. Zapatillas casual muy resistentes gracias al exterior de polipiel irrompible.', '125.00', 'https://img.shop.com/Image/260000/260000/260090/products/1769569280.jpg', 'http://www.shop.com/clarks-atticus-lace-black-mens-casual-dress-oxfords-1769569280-p.xhtml?publisherID=TEST', 1739364725),
(163, 10, 'Clarks Desert Boot Deep Blue Suede Mens Casual Dress Chukka Boots', 'Creadas para hacer el día a día más cómodo a personas que buscan unas zapatillas muy resistentes con una sujeción excelente al pie. El diseño de estas zapatillas ofrece una buena sujeción y una excelente resistencia. Zapatillas casual muy resistentes gracias al exterior de polipiel irrompible.', '130.00', 'https://img.shop.com/Image/260000/260000/260090/products/1767049776.jpg', 'http://www.shop.com/clarks-desert-boot-deep-blue-suede-mens-casual-dress-chukka-boots-1767049776-p.xhtml?publisherID=TEST', 1736845221),
(164, 10, 'Clarks Desert Boot Tumeric Suede Mens Casual Dress Chukka Boots', 'Creadas para hacer el día a día más cómodo a personas que buscan unas zapatillas muy resistentes con una sujeción excelente al pie. El diseño de estas zapatillas ofrece una buena sujeción y una excelente resistencia. Zapatillas casual muy resistentes gracias al exterior de polipiel irrompible.', '130.00', 'https://img.shop.com/Image/260000/260000/260090/products/1767049779.jpg', 'http://www.shop.com/clarks-desert-boot-tumeric-suede-mens-casual-dress-chukka-boots-1767049779-p.xhtml?publisherID=TEST', 1736845224),
(165, 10, 'Clarks Desert Boot Pale Yellow Suede Mens Casual Dress Chukka Boots', 'Creadas para hacer el día a día más cómodo a personas que buscan unas zapatillas muy resistentes con una sujeción excelente al pie. El diseño de estas zapatillas ofrece una buena sujeción y una excelente resistencia. Zapatillas casual muy resistentes gracias al exterior de polipiel irrompible.', '117.99', 'https://img.shop.com/Image/260000/260000/260090/products/1767049777.jpg', 'http://www.shop.com/clarks-desert-boot-pale-yellow-suede-mens-casual-dress-chukka-boots-1767049777-p.xhtml?publisherID=TEST', 1736845222),
(166, 10, 'Clarks Weaver Boot Tan Leather Mens Casual Dress Chukka Boots', 'Creadas para hacer el día a día más cómodo a personas que buscan unas zapatillas muy resistentes con una sujeción excelente al pie. El diseño de estas zapatillas ofrece una buena sujeción y una excelente resistencia. Zapatillas casual muy resistentes gracias al exterior de polipiel irrompible.', '105.99', 'https://img.shop.com/Image/260000/260000/260090/products/1772110354.jpg', 'http://www.shop.com/clarks-weaver-boot-tan-leather-mens-casual-dress-chukka-boots-1772110354-p.xhtml?publisherID=TEST', 1741905799),
(167, 10, 'Clarks Desert Boot Clay Suede Mens Casual Dress Chukka Boots', 'Creadas para hacer el día a día más cómodo a personas que buscan unas zapatillas muy resistentes con una sujeción excelente al pie. El diseño de estas zapatillas ofrece una buena sujeción y una excelente resistencia. Zapatillas casual muy resistentes gracias al exterior de polipiel irrompible.', '130.00', 'https://img.shop.com/Image/260000/260000/260090/products/1769754667.jpg', 'http://www.shop.com/clarks-desert-boot-clay-suede-mens-casual-dress-chukka-boots-1769754667-p.xhtml?publisherID=TEST', 1739550112),
(168, 10, 'Clarks Deserttrek Hi Dark Navy Suede Mens Casual Dress Chukka Boots', 'Creadas para hacer el día a día más cómodo a personas que buscan unas zapatillas muy resistentes con una sujeción excelente al pie. El diseño de estas zapatillas ofrece una buena sujeción y una excelente resistencia. Zapatillas casual muy resistentes gracias al exterior de polipiel irrompible.', '112.99', 'https://img.shop.com/Image/260000/260000/260090/products/1772110343.jpg', 'http://www.shop.com/clarks-deserttrek-hi-dark-navy-suede-mens-casual-dress-chukka-boots-1772110343-p.xhtml?publisherID=TEST', 1741905788),
(169, 10, 'Clarks Desert Boot Purple Grape Nubuck Mens Casual Dress Chukka Boots', 'Creadas para hacer el día a día más cómodo a personas que buscan unas zapatillas muy resistentes con una sujeción excelente al pie. El diseño de estas zapatillas ofrece una buena sujeción y una excelente resistencia. Zapatillas casual muy resistentes gracias al exterior de polipiel irrompible.', '148.99', 'https://img.shop.com/Image/260000/260000/260090/products/1769231434.jpg', 'http://www.shop.com/clarks-desert-boot-purple-grape-nubuck-mens-casual-dress-chukka-boots-1769231434-p.xhtml?publisherID=TEST', 1739026879),
(170, 10, 'Clarks Desert Boot Sand Suede Mens Casual Dress Chukka Boots', 'Creadas para hacer el día a día más cómodo a personas que buscan unas zapatillas muy resistentes con una sujeción excelente al pie. El diseño de estas zapatillas ofrece una buena sujeción y una excelente resistencia. Zapatillas casual muy resistentes gracias al exterior de polipiel irrompible.', '130.00', 'https://img.shop.com/Image/260000/260000/260090/products/1767049778.jpg', 'http://www.shop.com/clarks-desert-boot-sand-suede-mens-casual-dress-chukka-boots-1767049778-p.xhtml?publisherID=TEST', 1736845223),
(171, 10, 'Clarks Trigenic Flex Oak Suede Mens Casual Dress Chukka Boots', 'Creadas para hacer el día a día más cómodo a personas que buscan unas zapatillas muy resistentes con una sujeción excelente al pie. El diseño de estas zapatillas ofrece una buena sujeción y una excelente resistencia. Zapatillas casual muy resistentes gracias al exterior de polipiel irrompible.', '108.99', 'https://img.shop.com/Image/260000/260000/260090/products/1768244614.jpg', 'http://www.shop.com/clarks-trigenic-flex-oak-suede-mens-casual-dress-chukka-boots-1768244614-p.xhtml?publisherID=TEST', 1738040059),
(172, 10, 'Clarks Desert Boot Cool Blue Suede Mens Casual Dress Chukka Boots', 'Creadas para hacer el día a día más cómodo a personas que buscan unas zapatillas muy resistentes con una sujeción excelente al pie. El diseño de estas zapatillas ofrece una buena sujeción y una excelente resistencia. Zapatillas casual muy resistentes gracias al exterior de polipiel irrompible.', '117.99', 'https://img.shop.com/Image/260000/260000/260090/products/1767049775.jpg', 'http://www.shop.com/clarks-desert-boot-cool-blue-suede-mens-casual-dress-chukka-boots-1767049775-p.xhtml?publisherID=TEST', 1736845220);
INSERT INTO `producto` (`producto_id`, `categoria_id`, `nombre`, `descripcion`, `precio`, `imagen`, `enlace_compra`, `idApi`) VALUES
(173, 10, 'Clarks Wallabee Boot Natural Mens Casual Dress Chukka Boots', 'Creadas para hacer el día a día más cómodo a personas que buscan unas zapatillas muy resistentes con una sujeción excelente al pie. El diseño de estas zapatillas ofrece una buena sujeción y una excelente resistencia. Zapatillas casual muy resistentes gracias al exterior de polipiel irrompible.', '175.99', 'https://img.shop.com/Image/260000/260000/260090/products/1772110341.jpg', 'http://www.shop.com/clarks-wallabee-boot-natural-mens-casual-dress-chukka-boots-1772110341-p.xhtml?publisherID=TEST', 1741905786),
(174, 10, 'Clarks Wallabee Black Mens Casual Dress Chukka Boots', 'Creadas para hacer el día a día más cómodo a personas que buscan unas zapatillas muy resistentes con una sujeción excelente al pie. El diseño de estas zapatillas ofrece una buena sujeción y una excelente resistencia. Zapatillas casual muy resistentes gracias al exterior de polipiel irrompible.', '140.00', 'https://img.shop.com/Image/260000/260000/260090/products/1737614078.jpg', 'http://www.shop.com/clarks-wallabee-black-mens-casual-dress-chukka-boots-1737614078-p.xhtml?publisherID=TEST', 1707409524),
(175, 10, 'Clarks Desert Boot Oak Suede Mens Casual Dress Chukka Boots', 'Creadas para hacer el día a día más cómodo a personas que buscan unas zapatillas muy resistentes con una sujeción excelente al pie. El diseño de estas zapatillas ofrece una buena sujeción y una excelente resistencia. Zapatillas casual muy resistentes gracias al exterior de polipiel irrompible.', '130.00', 'https://img.shop.com/Image/260000/260000/260090/products/1756417759.jpg', 'http://www.shop.com/clarks-desert-boot-oak-suede-mens-casual-dress-chukka-boots-1756417759-p.xhtml?publisherID=TEST', 1726213205),
(176, 10, 'Clarks Un Costa Lace White Leather Mens Low Top Sneakers', 'Creadas para hacer el día a día más cómodo a personas que buscan unas zapatillas muy resistentes con una sujeción excelente al pie. El diseño de estas zapatillas ofrece una buena sujeción y una excelente resistencia. Zapatillas casual muy resistentes gracias al exterior de polipiel irrompible.', '130.00', 'https://img.shop.com/Image/260000/260000/260090/products/1767049745.jpg', 'http://www.shop.com/clarks-un-costa-lace-white-leather-mens-low-top-sneakers-1767049745-p.xhtml?publisherID=TEST', 1736845190),
(177, 10, 'Clarks Deserttrek Hi Burgundy Suede Mens Casual Dress Chukka Boots', 'Creadas para hacer el día a día más cómodo a personas que buscan unas zapatillas muy resistentes con una sujeción excelente al pie. El diseño de estas zapatillas ofrece una buena sujeción y una excelente resistencia. Zapatillas casual muy resistentes gracias al exterior de polipiel irrompible.', '112.99', 'https://img.shop.com/Image/260000/260000/260090/products/1772110342.jpg', 'http://www.shop.com/clarks-deserttrek-hi-burgundy-suede-mens-casual-dress-chukka-boots-1772110342-p.xhtml?publisherID=TEST', 1741905787),
(178, 10, 'Clarks Wallabee Purple Grape Nubuck Mens Casual Dress Chukka Boots', 'Creadas para hacer el día a día más cómodo a personas que buscan unas zapatillas muy resistentes con una sujeción excelente al pie. El diseño de estas zapatillas ofrece una buena sujeción y una excelente resistencia. Zapatillas casual muy resistentes gracias al exterior de polipiel irrompible.', '182.99', 'https://img.shop.com/Image/260000/260000/260090/products/1772110339.jpg', 'http://www.shop.com/clarks-wallabee-purple-grape-nubuck-mens-casual-dress-chukka-boots-1772110339-p.xhtml?publisherID=TEST', 1741905784),
(179, 10, 'CLARKS Womens Annadel Bari Platform', 'Creadas para hacer el día a día más cómodo a personas que buscan unas zapatillas muy resistentes con una sujeción excelente al pie. El diseño de estas zapatillas ofrece una buena sujeción y una excelente resistencia. Zapatillas casual muy resistentes gracias al exterior de polipiel irrompible.', '75.96', 'https://img.shop.com/Image/260000/263300/263362/products/1701775013.jpg', 'http://www.shop.com/clarks-womens-annadel-bari-platform-1701775013-p.xhtml?publisherID=TEST', 1671570459),
(180, 10, 'Clarks Arctic Venture Womens Boots Shoes', 'Creadas para hacer el día a día más cómodo a personas que buscan unas zapatillas muy resistentes con una sujeción excelente al pie. El diseño de estas zapatillas ofrece una buena sujeción y una excelente resistencia. Zapatillas casual muy resistentes gracias al exterior de polipiel irrompible.', '107.04', 'https://img.shop.com/Image/270000/273200/273200/products/1728762508.jpg', 'http://www.shop.com/clarks-arctic-venture-womens-boots-shoes-1728762508-p.xhtml?publisherID=TEST', 1698557954),
(181, 11, '1 State Womens Faun Black/Platinum/Lini Calf/Nautilus Met Lea M', 'Creadas para hacer el día a día más cómodo a personas que buscan unas zapatillas muy resistentes con una sujeción excelente al pie. El diseño de estas zapatillas ofrece una buena sujeción y una excelente resistencia. Zapatillas casual muy resistentes gracias al exterior de polipiel irrompible.', '104.62', 'https://img.shop.com/Image/260000/267800/267870/products/1759178597.jpg', 'http://www.shop.com/1-state-womens-faun-blackplatinumlini-calfnautilus-met-lea-m-1759178597-p.xhtml?publisherID=TEST', 1728974043),
(182, 11, 'Nautilus N9546 Mens Boots Shoes', 'Creadas para hacer el día a día más cómodo a personas que buscan unas zapatillas muy resistentes con una sujeción excelente al pie. El diseño de estas zapatillas ofrece una buena sujeción y una excelente resistencia. Zapatillas casual muy resistentes gracias al exterior de polipiel irrompible.', '132.99', 'https://img.shop.com/Image/260000/263300/263383/products/1771500222.jpg', 'http://www.shop.com/nautilus-n9546-mens-boots-shoes-1771500222-p.xhtml?publisherID=TEST', 1741295667),
(183, 11, 'NAUTILUS SAFETY FOOTWEAR N1630 SZ: 10.5W Work Shoes,Men,10-1/2W,Slip On,Black,PR', 'Creadas para hacer el día a día más cómodo a personas que buscan unas zapatillas muy resistentes con una sujeción excelente al pie. El diseño de estas zapatillas ofrece una buena sujeción y una excelente resistencia. Zapatillas casual muy resistentes gracias al exterior de polipiel irrompible.', '114.42', 'https://img.shop.com/Image/250000/259700/259708/products/1767583353.jpg', 'http://www.shop.com/nautilus-safety-footwear-n1630-sz-105w-work-shoesmen10-12wslip-onblackpr-1767583353-p.xhtml?publisherID=TEST', 1737378798),
(184, 11, 'NAUTILUS SAFETY FOOTWEAR N1630 SZ: 8.5M Work Shoes,Men,8-1/2M,Slip On,Black,PR', 'Creadas para hacer el día a día más cómodo a personas que buscan unas zapatillas muy resistentes con una sujeción excelente al pie. El diseño de estas zapatillas ofrece una buena sujeción y una excelente resistencia. Zapatillas casual muy resistentes gracias al exterior de polipiel irrompible.', '104.02', 'https://img.shop.com/Image/250000/259700/259708/products/1387369257.jpg', 'http://www.shop.com/nautilus-safety-footwear-n1630-sz-85m-work-shoesmen8-12mslip-onblackpr-1387369257-p.xhtml?publisherID=TEST', 1356003002),
(185, 11, 'NAUTILUS SAFETY FOOTWEAR N1630 SZ: 9W Work Shoes,Men,9W,Slip On,Black,PR', 'Creadas para hacer el día a día más cómodo a personas que buscan unas zapatillas muy resistentes con una sujeción excelente al pie. El diseño de estas zapatillas ofrece una buena sujeción y una excelente resistencia. Zapatillas casual muy resistentes gracias al exterior de polipiel irrompible.', '104.02', 'https://img.shop.com/Image/250000/259700/259708/products/1767574703.jpg', 'http://www.shop.com/nautilus-safety-footwear-n1630-sz-9w-work-shoesmen9wslip-onblackpr-1767574703-p.xhtml?publisherID=TEST', 1737370148),
(186, 11, 'Nautilus N1620 Mens Slip-Ons Shoes', 'Creadas para hacer el día a día más cómodo a personas que buscan unas zapatillas muy resistentes con una sujeción excelente al pie. El diseño de estas zapatillas ofrece una buena sujeción y una excelente resistencia. Zapatillas casual muy resistentes gracias al exterior de polipiel irrompible.', '95.20', 'https://img.shop.com/Image/250000/259700/259708/products/1382710554.jpg', 'http://www.shop.com/nautilus-n1620-mens-slip-ons-shoes-1382710554-p.xhtml?publisherID=TEST', 1351388696),
(187, 11, 'NAUTILUS SAFETY FOOTWEAR N1630 SZ: 13W Work Shoes,Men,13W,Slip On,Black,PR', 'Creadas para hacer el día a día más cómodo a personas que buscan unas zapatillas muy resistentes con una sujeción excelente al pie. El diseño de estas zapatillas ofrece una buena sujeción y una excelente resistencia. Zapatillas casual muy resistentes gracias al exterior de polipiel irrompible.', '103.49', 'https://img.shop.com/Image/250000/259700/259708/products/1767545242.jpg', 'http://www.shop.com/nautilus-safety-footwear-n1630-sz-13w-work-shoesmen13wslip-onblackpr-1767545242-p.xhtml?publisherID=TEST', 1737340687),
(188, 11, 'NAUTILUS SAFETY FOOTWEAR N1630 SZ: 7.5M Work Shoes,Men,7-1/2M,Slip On,Black,PR', 'Creadas para hacer el día a día más cómodo a personas que buscan unas zapatillas muy resistentes con una sujeción excelente al pie. El diseño de estas zapatillas ofrece una buena sujeción y una excelente resistencia. Zapatillas casual muy resistentes gracias al exterior de polipiel irrompible.', '104.02', 'https://img.shop.com/Image/250000/259700/259708/products/1387474704.jpg', 'http://www.shop.com/nautilus-safety-footwear-n1630-sz-75m-work-shoesmen7-12mslip-onblackpr-1387474704-p.xhtml?publisherID=TEST', 1356109007),
(189, 11, 'NAUTILUS SAFETY FOOTWEAR N1630 SZ: 8.5W Work Shoes,Men,8-1/2W,Slip On,Black,PR', 'Creadas para hacer el día a día más cómodo a personas que buscan unas zapatillas muy resistentes con una sujeción excelente al pie. El diseño de estas zapatillas ofrece una buena sujeción y una excelente resistencia. Zapatillas casual muy resistentes gracias al exterior de polipiel irrompible.', '104.02', 'https://img.shop.com/Image/250000/259700/259708/products/1387508795.jpg', 'http://www.shop.com/nautilus-safety-footwear-n1630-sz-85w-work-shoesmen8-12wslip-onblackpr-1387508795-p.xhtml?publisherID=TEST', 1356143208),
(190, 11, 'NAUTILUS SAFETY FOOTWEAR N1621 SZ: 6.5M Work Shoes,Women,6-1/2M,Slip On,Brown,PR', 'Creadas para hacer el día a día más cómodo a personas que buscan unas zapatillas muy resistentes con una sujeción excelente al pie. El diseño de estas zapatillas ofrece una buena sujeción y una excelente resistencia. Zapatillas casual muy resistentes gracias al exterior de polipiel irrompible.', '103.49', 'https://img.shop.com/Image/250000/259700/259708/products/1767918949.jpg', 'http://www.shop.com/nautilus-safety-footwear-n1621-sz-65m-work-shoeswomen6-12mslip-onbrownpr-1767918949-p.xhtml?publisherID=TEST', 1737714394),
(191, 11, 'NAUTILUS SAFETY FOOTWEAR N1621 SZ: 12W Work Shoes,Women,12W,Slip On,Brown,PR', 'Creadas para hacer el día a día más cómodo a personas que buscan unas zapatillas muy resistentes con una sujeción excelente al pie. El diseño de estas zapatillas ofrece una buena sujeción y una excelente resistencia. Zapatillas casual muy resistentes gracias al exterior de polipiel irrompible.', '103.49', 'https://img.shop.com/Image/250000/259700/259708/products/1382695116.jpg', 'http://www.shop.com/nautilus-safety-footwear-n1621-sz-12w-work-shoeswomen12wslip-onbrownpr-1382695116-p.xhtml?publisherID=TEST', 1351372972),
(192, 11, 'NAUTILUS SAFETY FOOTWEAR N1631 SZ: 7.5W Work Shoes,Women,7-1/2W,Slip On,Black,PR', 'Creadas para hacer el día a día más cómodo a personas que buscan unas zapatillas muy resistentes con una sujeción excelente al pie. El diseño de estas zapatillas ofrece una buena sujeción y una excelente resistencia. Zapatillas casual muy resistentes gracias al exterior de polipiel irrompible.', '103.49', 'https://img.shop.com/Image/250000/259700/259708/products/1767920145.jpg', 'http://www.shop.com/nautilus-safety-footwear-n1631-sz-75w-work-shoeswomen7-12wslip-onblackpr-1767920145-p.xhtml?publisherID=TEST', 1737715590),
(193, 11, 'NAUTILUS SAFETY FOOTWEAR N1631 SZ: 7W Work Shoes,Women,7W,Slip On,Black,PR', 'Creadas para hacer el día a día más cómodo a personas que buscan unas zapatillas muy resistentes con una sujeción excelente al pie. El diseño de estas zapatillas ofrece una buena sujeción y una excelente resistencia. Zapatillas casual muy resistentes gracias al exterior de polipiel irrompible.', '106.39', 'https://img.shop.com/Image/250000/259700/259708/products/1382707664.jpg', 'http://www.shop.com/nautilus-safety-footwear-n1631-sz-7w-work-shoeswomen7wslip-onblackpr-1382707664-p.xhtml?publisherID=TEST', 1351385790),
(194, 11, 'NAUTILUS SAFETY FOOTWEAR N1631 SZ: 8.5W Work Shoes,Women,8-1/2W,Slip On,Black,PR', 'Creadas para hacer el día a día más cómodo a personas que buscan unas zapatillas muy resistentes con una sujeción excelente al pie. El diseño de estas zapatillas ofrece una buena sujeción y una excelente resistencia. Zapatillas casual muy resistentes gracias al exterior de polipiel irrompible.', '103.49', 'https://img.shop.com/Image/250000/259700/259708/products/1767920159.jpg', 'http://www.shop.com/nautilus-safety-footwear-n1631-sz-85w-work-shoeswomen8-12wslip-onblackpr-1767920159-p.xhtml?publisherID=TEST', 1737715604),
(195, 11, 'NAUTILUS SAFETY FOOTWEAR N1631 SZ: 5.5M Work Shoes,Women,5-1/2M,Slip On,Black,PR', 'Creadas para hacer el día a día más cómodo a personas que buscan unas zapatillas muy resistentes con una sujeción excelente al pie. El diseño de estas zapatillas ofrece una buena sujeción y una excelente resistencia. Zapatillas casual muy resistentes gracias al exterior de polipiel irrompible.', '95.21', 'https://img.shop.com/Image/250000/259700/259708/products/1767846585.jpg', 'http://www.shop.com/nautilus-safety-footwear-n1631-sz-55m-work-shoeswomen5-12mslip-onblackpr-1767846585-p.xhtml?publisherID=TEST', 1737642030),
(196, 11, '4\" Height Mens Athletic Work Shoes, Composite Toe Type, Gray/Black, Size 12M', 'Creadas para hacer el día a día más cómodo a personas que buscan unas zapatillas muy resistentes con una sujeción excelente al pie. El diseño de estas zapatillas ofrece una buena sujeción y una excelente resistencia. Zapatillas casual muy resistentes gracias al exterior de polipiel irrompible.', '138.14', 'https://img.shop.com/Image/260000/263300/263383/products/1768407204.jpg', 'http://www.shop.com/4-height-mens-athletic-work-shoes-composite-toe-type-grayblack-size-12m-1768407204-p.xhtml?publisherID=TEST', 1738202649),
(197, 11, 'Nautilus Safety Footwear Athletic Work Shoes 10-1/2 Gray/Black   N1340 SZ: 10.5W', 'Creadas para hacer el día a día más cómodo a personas que buscan unas zapatillas muy resistentes con una sujeción excelente al pie. El diseño de estas zapatillas ofrece una buena sujeción y una excelente resistencia. Zapatillas casual muy resistentes gracias al exterior de polipiel irrompible.', '138.14', 'https://img.shop.com/Image/260000/263300/263383/products/1744558851.jpg', 'http://www.shop.com/nautilus-safety-footwear-athletic-work-shoes-10-12-grayblack-n1340-sz-105w-1744558851-p.xhtml?publisherID=TEST', 1714354297),
(198, 11, '4\" Height Mens Athletic Work Shoes, Steel Toe Type, Navy, Size 10W', 'Creadas para hacer el día a día más cómodo a personas que buscan unas zapatillas muy resistentes con una sujeción excelente al pie. El diseño de estas zapatillas ofrece una buena sujeción y una excelente resistencia. Zapatillas casual muy resistentes gracias al exterior de polipiel irrompible.', '130.73', 'https://img.shop.com/Image/260000/263300/263383/products/1768407901.jpg', 'http://www.shop.com/4-height-mens-athletic-work-shoes-steel-toe-type-navy-size-10w-1768407901-p.xhtml?publisherID=TEST', 1738203346),
(199, 11, 'NAUTILUS SAFETY FOOTWEAR N1631 SZ: 7M Work Shoes,Women,7M,Slip On,Black,PR', 'Creadas para hacer el día a día más cómodo a personas que buscan unas zapatillas muy resistentes con una sujeción excelente al pie. El diseño de estas zapatillas ofrece una buena sujeción y una excelente resistencia. Zapatillas casual muy resistentes gracias al exterior de polipiel irrompible.', '103.49', 'https://img.shop.com/Image/250000/259700/259708/products/1767820072.jpg', 'http://www.shop.com/nautilus-safety-footwear-n1631-sz-7m-work-shoeswomen7mslip-onblackpr-1767820072-p.xhtml?publisherID=TEST', 1737615517),
(200, 11, 'NAUTILUS SAFETY FOOTWEAR N1621 SZ: 11W Work Shoes,Women,11W,Slip On,Brown,PR', 'Creadas para hacer el día a día más cómodo a personas que buscan unas zapatillas muy resistentes con una sujeción excelente al pie. El diseño de estas zapatillas ofrece una buena sujeción y una excelente resistencia. Zapatillas casual muy resistentes gracias al exterior de polipiel irrompible.', '103.49', 'https://img.shop.com/Image/250000/259700/259708/products/1382695406.jpg', 'http://www.shop.com/nautilus-safety-footwear-n1621-sz-11w-work-shoeswomen11wslip-onbrownpr-1382695406-p.xhtml?publisherID=TEST', 1351373262),
(201, 7, 'New Balance Classics M998 Athletic Mens Shoes', 'Creadas para hacer el día a día más cómodo a personas que buscan unas zapatillas muy resistentes con una sujeción excelente al pie. El diseño de estas zapatillas ofrece una buena sujeción y una excelente resistencia. Zapatillas casual muy resistentes gracias al exterior de polipiel irrompible.', '180.00', 'https://img.shop.com/Image/260000/266700/266708/products/1727000739.jpg', 'http://www.shop.com/new-balance-classics-m998-athletic-mens-shoes-1727000739-p.xhtml?publisherID=TEST', 1696796185),
(202, 7, 'New Balance 996 Mens Athletic Shoes', 'Creadas para hacer el día a día más cómodo a personas que buscan unas zapatillas muy resistentes con una sujeción excelente al pie. El diseño de estas zapatillas ofrece una buena sujeción y una excelente resistencia. Zapatillas casual muy resistentes gracias al exterior de polipiel irrompible.', '134.31', 'https://img.shop.com/Image/260000/266700/266708/products/1705865603.jpg', 'http://www.shop.com/new-balance-996-mens-athletic-shoes-1705865603-p.xhtml?publisherID=TEST', 1675661049),
(203, 7, 'New Balance M997Cgb Athletic Mens Shoes', 'Creadas para hacer el día a día más cómodo a personas que buscan unas zapatillas muy resistentes con una sujeción excelente al pie. El diseño de estas zapatillas ofrece una buena sujeción y una excelente resistencia. Zapatillas casual muy resistentes gracias al exterior de polipiel irrompible.', '145.69', 'https://img.shop.com/Image/260000/266700/266708/products/1742777108.jpg', 'http://www.shop.com/new-balance-m997cgb-athletic-mens-shoes-1742777108-p.xhtml?publisherID=TEST', 1712572554),
(204, 7, 'New Balance 580 Boot Casual Mens Shoes Size', 'Creadas para hacer el día a día más cómodo a personas que buscan unas zapatillas muy resistentes con una sujeción excelente al pie. El diseño de estas zapatillas ofrece una buena sujeción y una excelente resistencia. Zapatillas casual muy resistentes gracias al exterior de polipiel irrompible.', '125.00', 'https://img.shop.com/Image/260000/266700/266708/products/1756799185.jpg', 'http://www.shop.com/new-balance-580-boot-casual-mens-shoes-size-1756799185-p.xhtml?publisherID=TEST', 1726594631),
(205, 7, 'New Balance Classics Traditionnels Athletic Womens Shoes Size', 'Creadas para hacer el día a día más cómodo a personas que buscan unas zapatillas muy resistentes con una sujeción excelente al pie. El diseño de estas zapatillas ofrece una buena sujeción y una excelente resistencia. Zapatillas casual muy resistentes gracias al exterior de polipiel irrompible.', '140.00', 'https://img.shop.com/Image/260000/266700/266708/products/1756800101.jpg', 'http://www.shop.com/new-balance-classics-traditionnels-athletic-womens-shoes-size-1756800101-p.xhtml?publisherID=TEST', 1726595547),
(206, 7, 'New Balance Revlite 696 Running Womens Shoes Size', 'Creadas para hacer el día a día más cómodo a personas que buscan unas zapatillas muy resistentes con una sujeción excelente al pie. El diseño de estas zapatillas ofrece una buena sujeción y una excelente resistencia. Zapatillas casual muy resistentes gracias al exterior de polipiel irrompible.', '110.00', 'https://img.shop.com/Image/260000/266700/266708/products/1756799944.jpg', 'http://www.shop.com/new-balance-revlite-696-running-womens-shoes-size-1756799944-p.xhtml?publisherID=TEST', 1726595390),
(207, 7, 'New Balance Womens BW2000WT Closed Toe Ankle Cold Weather Boots', 'Creadas para hacer el día a día más cómodo a personas que buscan unas zapatillas muy resistentes con una sujeción excelente al pie. El diseño de estas zapatillas ofrece una buena sujeción y una excelente resistencia. Zapatillas casual muy resistentes gracias al exterior de polipiel irrompible.', '89.99', 'https://img.shop.com/Image/260000/263300/263362/products/1724390636.jpg', 'http://www.shop.com/new-balance-womens-bw2000wt-closed-toe-ankle-cold-weather-boots-1724390636-p.xhtml?publisherID=TEST', 1694186082),
(208, 7, 'New Balance Womens w990v4 Running Shoe', 'Creadas para hacer el día a día más cómodo a personas que buscan unas zapatillas muy resistentes con una sujeción excelente al pie. El diseño de estas zapatillas ofrece una buena sujeción y una excelente resistencia. Zapatillas casual muy resistentes gracias al exterior de polipiel irrompible.', '117.79', 'https://img.shop.com/Image/260000/263300/263362/products/1760918327.jpg', 'http://www.shop.com/new-balance-womens-w990v4-running-shoe-1760918327-p.xhtml?publisherID=TEST', 1730713773),
(209, 7, 'New Balance Womens WW847GY3 Low Top Lace Up Running Sneaker', 'Creadas para hacer el día a día más cómodo a personas que buscan unas zapatillas muy resistentes con una sujeción excelente al pie. El diseño de estas zapatillas ofrece una buena sujeción y una excelente resistencia. Zapatillas casual muy resistentes gracias al exterior de polipiel irrompible.', '123.45', 'https://img.shop.com/Image/260000/263300/263362/products/1728761003.jpg', 'http://www.shop.com/new-balance-womens-ww847gy3-low-top-lace-up-running-sneaker-1728761003-p.xhtml?publisherID=TEST', 1698556449),
(210, 7, 'New Balance Womens bw1000 Fabric Closed Toe Mid-Calf Cold Weather Boots', 'Creadas para hacer el día a día más cómodo a personas que buscan unas zapatillas muy resistentes con una sujeción excelente al pie. El diseño de estas zapatillas ofrece una buena sujeción y una excelente resistencia. Zapatillas casual muy resistentes gracias al exterior de polipiel irrompible.', '98.16', 'https://img.shop.com/Image/260000/263300/263362/products/1715970234.jpg', 'http://www.shop.com/new-balance-womens-bw1000-fabric-closed-toe-mid-calf-cold-weather-boots-1715970234-p.xhtml?publisherID=TEST', 1685765680),
(211, 7, 'Aravon Womens Peggy-AR Boot', 'Creadas para hacer el día a día más cómodo a personas que buscan unas zapatillas muy resistentes con una sujeción excelente al pie. El diseño de estas zapatillas ofrece una buena sujeción y una excelente resistencia. Zapatillas casual muy resistentes gracias al exterior de polipiel irrompible.', '108.02', 'https://img.shop.com/Image/260000/263300/263362/products/1725508363.jpg', 'http://www.shop.com/aravon-womens-peggy-ar-boot-1725508363-p.xhtml?publisherID=TEST', 1695303809),
(212, 7, 'New Balance Womens Wl510', 'Creadas para hacer el día a día más cómodo a personas que buscan unas zapatillas muy resistentes con una sujeción excelente al pie. El diseño de estas zapatillas ofrece una buena sujeción y una excelente resistencia. Zapatillas casual muy resistentes gracias al exterior de polipiel irrompible.', '83.96', 'https://img.shop.com/Image/260000/263300/263362/products/1761305432.jpg', 'http://www.shop.com/new-balance-womens-wl510-1761305432-p.xhtml?publisherID=TEST', 1731100878),
(213, 7, 'New Balance Womens W990 Low Top Lace Up Running Sneaker', 'Creadas para hacer el día a día más cómodo a personas que buscan unas zapatillas muy resistentes con una sujeción excelente al pie. El diseño de estas zapatillas ofrece una buena sujeción y una excelente resistencia. Zapatillas casual muy resistentes gracias al exterior de polipiel irrompible.', '116.25', 'https://img.shop.com/Image/260000/263300/263362/products/1749099047.jpg', 'http://www.shop.com/new-balance-womens-w990-low-top-lace-up-running-sneaker-1749099047-p.xhtml?publisherID=TEST', 1718894493),
(214, 7, 'New Balance WW928 Womens Athletic Shoes', 'Creadas para hacer el día a día más cómodo a personas que buscan unas zapatillas muy resistentes con una sujeción excelente al pie. El diseño de estas zapatillas ofrece una buena sujeción y una excelente resistencia. Zapatillas casual muy resistentes gracias al exterior de polipiel irrompible.', '109.50', 'https://img.shop.com/Image/260000/263300/263362/products/1654103690.jpg', 'http://www.shop.com/new-balance-ww928-womens-athletic-shoes-1654103690-p.xhtml?publisherID=TEST', 1623924136),
(215, 7, 'New Balance Womens 1500v4 Running Shoe', 'Creadas para hacer el día a día más cómodo a personas que buscan unas zapatillas muy resistentes con una sujeción excelente al pie. El diseño de estas zapatillas ofrece una buena sujeción y una excelente resistencia. Zapatillas casual muy resistentes gracias al exterior de polipiel irrompible.', '97.46', 'https://img.shop.com/Image/260000/263300/263362/products/1767258664.jpg', 'http://www.shop.com/new-balance-womens-1500v4-running-shoe-1767258664-p.xhtml?publisherID=TEST', 1737054109),
(216, 7, 'New Balance Mens Tekela 1.0 Pro FG Low Top Lace Up Soccer Sneaker', 'Creadas para hacer el día a día más cómodo a personas que buscan unas zapatillas muy resistentes con una sujeción excelente al pie. El diseño de estas zapatillas ofrece una buena sujeción y una excelente resistencia. Zapatillas casual muy resistentes gracias al exterior de polipiel irrompible.', '127.58', 'https://img.shop.com/Image/260000/263300/263362/products/1762122889.jpg', 'http://www.shop.com/new-balance-mens-tekela-10-pro-fg-low-top-lace-up-soccer-sneaker-1762122889-p.xhtml?publisherID=TEST', 1731918335),
(217, 7, 'New Balance Mens M998wtp', 'Creadas para hacer el día a día más cómodo a personas que buscan unas zapatillas muy resistentes con una sujeción excelente al pie. El diseño de estas zapatillas ofrece una buena sujeción y una excelente resistencia. Zapatillas casual muy resistentes gracias al exterior de polipiel irrompible.', '134.96', 'https://img.shop.com/Image/260000/263300/263362/products/1772948629.jpg', 'http://www.shop.com/new-balance-mens-m998wtp-1772948629-p.xhtml?publisherID=TEST', 1742744074),
(218, 7, 'New Balance Mens 999 Asia Suede Sneakers White/Blue M999wea', 'Creadas para hacer el día a día más cómodo a personas que buscan unas zapatillas muy resistentes con una sujeción excelente al pie. El diseño de estas zapatillas ofrece una buena sujeción y una excelente resistencia. Zapatillas casual muy resistentes gracias al exterior de polipiel irrompible.', '134.96', 'https://img.shop.com/Image/260000/263300/263362/products/1772948647.jpg', 'http://www.shop.com/new-balance-mens-999-asia-suede-sneakers-whiteblue-m999wea-1772948647-p.xhtml?publisherID=TEST', 1742744092),
(219, 7, 'New Balance 1550 Girls Athletic Shoes', 'Creadas para hacer el día a día más cómodo a personas que buscan unas zapatillas muy resistentes con una sujeción excelente al pie. El diseño de estas zapatillas ofrece una buena sujeción y una excelente resistencia. Zapatillas casual muy resistentes gracias al exterior de polipiel irrompible.', '75.00', 'https://img.shop.com/Image/260000/266700/266708/products/1756800208.jpg', 'http://www.shop.com/new-balance-1550-girls-athletic-shoes-1756800208-p.xhtml?publisherID=TEST', 1726595654),
(220, 7, 'New Balance W990BK3 Womens Athletic Shoes', 'Creadas para hacer el día a día más cómodo a personas que buscan unas zapatillas muy resistentes con una sujeción excelente al pie. El diseño de estas zapatillas ofrece una buena sujeción y una excelente resistencia. Zapatillas casual muy resistentes gracias al exterior de polipiel irrompible.', '89.95', 'https://img.shop.com/Image/260000/269600/269608/products/1604115597.jpg', 'http://www.shop.com/new-balance-w990bk3-womens-athletic-shoes-1604115597-p.xhtml?publisherID=TEST', 1573933371);

-- --------------------------------------------------------

--
-- Estructura de tabla para la tabla `usuario`
--

CREATE TABLE `usuario` (
  `usuario` varchar(50) NOT NULL,
  `nombre` varchar(80) NOT NULL,
  `apellidos` varchar(100) NOT NULL,
  `email` varchar(100) NOT NULL,
  `pass` varchar(50) NOT NULL,
  `fechNac` date NOT NULL,
  `rol` enum('Admin','User') NOT NULL
) ENGINE=InnoDB DEFAULT CHARSET=utf8;

--
-- Volcado de datos para la tabla `usuario`
--

INSERT INTO `usuario` (`usuario`, `nombre`, `apellidos`, `email`, `pass`, `fechNac`, `rol`) VALUES
('admin', 'admin', 'admin', 'admin@admin.com', '827ccb0eea8a706c4c34a16891f84e7b', '0000-00-00', 'Admin'),
('ali', 'Alicia', 'Parejo', 'alicia@gmail.com', '827ccb0eea8a706c4c34a16891f84e7b', '1999-03-12', 'User'),
('danicordero', 'Daniel', 'Córdero López', 'daniel@gmail.com', '827ccb0eea8a706c4c34a16891f84e7b', '1997-08-20', 'User'),
('franflores', 'Francisco', 'Flores Palacios', 'fran@gmail.com', '827ccb0eea8a706c4c34a16891f84e7b', '1969-03-17', 'User'),
('ivanmiranda', 'Iván', 'Miranda Stavenuiter', 'ivan@gmail.com', '827ccb0eea8a706c4c34a16891f84e7b', '1970-05-20', 'User'),
('luciaflores97', 'Lucía', 'Flores Padilla', 'lucia@gmail.com', '827ccb0eea8a706c4c34a16891f84e7b', '1997-04-25', 'Admin'),
('mariaflores04', 'María', 'Flores Padilla', 'maria@gmail.com', '827ccb0eea8a706c4c34a16891f84e7b', '2004-04-29', 'User'),
('paquipadilla', 'Francisca María', 'Padilla Rebollo', 'paqui@gmail.com', '827ccb0eea8a706c4c34a16891f84e7b', '1969-10-04', 'User'),
('raquelita', 'Raquel', 'García', 'raquel@gmail.com', '827ccb0eea8a706c4c34a16891f84e7b', '2019-12-05', 'Admin'),
('tpadilla', 'Antonia', 'Padilla Rebollo', 'toni@gmail.com', '827ccb0eea8a706c4c34a16891f84e7b', '1975-09-21', 'User');

--
-- Índices para tablas volcadas
--

--
-- Indices de la tabla `categoria`
--
ALTER TABLE `categoria`
  ADD PRIMARY KEY (`categoria_id`);

--
-- Indices de la tabla `cesta`
--
ALTER TABLE `cesta`
  ADD PRIMARY KEY (`cesta_id`),
  ADD KEY `usuario` (`usuario`),
  ADD KEY `producto_id` (`producto_id`);

--
-- Indices de la tabla `lista_deseos`
--
ALTER TABLE `lista_deseos`
  ADD PRIMARY KEY (`producto_id`,`usuario`),
  ADD KEY `fk_producto_lista_deseos` (`producto_id`),
  ADD KEY `fk_usuario_lista_deseos` (`usuario`);

--
-- Indices de la tabla `producto`
--
ALTER TABLE `producto`
  ADD PRIMARY KEY (`producto_id`),
  ADD KEY `categoria_id` (`categoria_id`);

--
-- Indices de la tabla `usuario`
--
ALTER TABLE `usuario`
  ADD PRIMARY KEY (`usuario`),
  ADD UNIQUE KEY `email` (`email`);

--
-- AUTO_INCREMENT de las tablas volcadas
--

--
-- AUTO_INCREMENT de la tabla `categoria`
--
ALTER TABLE `categoria`
  MODIFY `categoria_id` int(11) NOT NULL AUTO_INCREMENT, AUTO_INCREMENT=12;

--
-- AUTO_INCREMENT de la tabla `cesta`
--
ALTER TABLE `cesta`
  MODIFY `cesta_id` int(11) NOT NULL AUTO_INCREMENT, AUTO_INCREMENT=22;

--
-- AUTO_INCREMENT de la tabla `producto`
--
ALTER TABLE `producto`
  MODIFY `producto_id` int(11) NOT NULL AUTO_INCREMENT, AUTO_INCREMENT=221;

--
-- Restricciones para tablas volcadas
--

--
-- Filtros para la tabla `cesta`
--
ALTER TABLE `cesta`
  ADD CONSTRAINT `producto_ibfk_1` FOREIGN KEY (`producto_id`) REFERENCES `producto` (`producto_id`),
  ADD CONSTRAINT `usuario_ibfk_1` FOREIGN KEY (`usuario`) REFERENCES `usuario` (`usuario`);

--
-- Filtros para la tabla `lista_deseos`
--
ALTER TABLE `lista_deseos`
  ADD CONSTRAINT `fk_producto_lista_deseos` FOREIGN KEY (`producto_id`) REFERENCES `producto` (`producto_id`),
  ADD CONSTRAINT `fk_usuario_lista_deseos` FOREIGN KEY (`usuario`) REFERENCES `usuario` (`usuario`);

--
-- Filtros para la tabla `producto`
--
ALTER TABLE `producto`
  ADD CONSTRAINT `categoria_ibfk_1` FOREIGN KEY (`categoria_id`) REFERENCES `categoria` (`categoria_id`) ON DELETE CASCADE ON UPDATE CASCADE;
COMMIT;

/*!40101 SET CHARACTER_SET_CLIENT=@OLD_CHARACTER_SET_CLIENT */;
/*!40101 SET CHARACTER_SET_RESULTS=@OLD_CHARACTER_SET_RESULTS */;
/*!40101 SET COLLATION_CONNECTION=@OLD_COLLATION_CONNECTION */;
